Country Name,Country Code,Indicator Name,Indicator Code,1960,1961,1962,1963,1964,1965,1966,1967,1968,1969,1970,1971,1972,1973,1974,1975,1976,1977,1978,1979,1980,1981,1982,1983,1984,1985,1986,1987,1988,1989,1990,1991,1992,1993,1994,1995,1996,1997,1998,1999,2000,2001,2002,2003,2004,2005,2006,2007,2008,2009,2010,2011,2012,2013,2014,2015,2016,2017
Aruba,ABW,"Stocks traded, total value (% of GDP)",CM.MKT.TRAD.GD.ZS,,,,,,,,,,,,,,,,,,,,,,,,,,,,,,,,,,,,,,,,,,,,,,,,,,,,,,,,,,
Afghanistan,AFG,"Stocks traded, total value (% of GDP)",CM.MKT.TRAD.GD.ZS,,,,,,,,,,,,,,,,,,,,,,,,,,,,,,,,,,,,,,,,,,,,,,,,,,,,,,,,,,
Angola,AGO,"Stocks traded, total value (% of GDP)",CM.MKT.TRAD.GD.ZS,,,,,,,,,,,,,,,,,,,,,,,,,,,,,,,,,,,,,,,,,,,,,,,,,,,,,,,,,,
Albania,ALB,"Stocks traded, total value (% of GDP)",CM.MKT.TRAD.GD.ZS,,,,,,,,,,,,,,,,,,,,,,,,,,,,,,,,,,,,,,,,,,,,,,,,,,,,,,,,,,
Andorra,AND,"Stocks traded, total value (% of GDP)",CM.MKT.TRAD.GD.ZS,,,,,,,,,,,,,,,,,,,,,,,,,,,,,,,,,,,,,,,,,,,,,,,,,,,,,,,,,,
Arab World,ARB,"Stocks traded, total value (% of GDP)",CM.MKT.TRAD.GD.ZS,,,,,,,,,,,,,,,,,,,,,,,,,,,,,,,,,,,,,,,,,,,,,,,153.2026071,,58.7168178,44.09037817,21.05995258,19.92689167,28.66650721,23.96787165,39.53054207,30.03548641,21.98389058,16.99868454
United Arab Emirates,ARE,"Stocks traded, total value (% of GDP)",CM.MKT.TRAD.GD.ZS,,,,,,,,,,,,,,,,,,,,,,,,,,,,,,,,,,,,,,,,,,,,,,,9.088773772,18.45719357,22.54868489,25.95277676,9.564831286,4.27882049,4.7923866,17.06703932,35.51213718,15.81558933,13.59741243,11.24903625
Argentina,ARG,"Stocks traded, total value (% of GDP)",CM.MKT.TRAD.GD.ZS,,,,,,,,,,,,,,,,0.858145696,1.575157079,0.420915446,0.606030658,2.124838287,1.448768359,0.233931605,0.288112016,0.168976254,0.320259942,0.536561721,0.215640872,0.129587738,3.385498577,0.516813715,0.566506248,2.397580844,6.879105347,21.02060045,43.82691112,12.36421487,11.50230709,13.04608702,8.718719712,4.183854573,3.217983577,2.479374983,1.195826971,2.296088636,2.764185112,2.645590648,1.456841205,1.685038581,0.923115975,0.453659664,0.600714181,0.462934738,0.267799853,0.405291324,0.669273861,0.453942538,0.785916838,1.034014548
Armenia,ARM,"Stocks traded, total value (% of GDP)",CM.MKT.TRAD.GD.ZS,,,,,,,,,,,,,,,,,,,,,,,,,,,,,,,,,,,,,,,,,,,,,,,,,,,,,,,,,,
American Samoa,ASM,"Stocks traded, total value (% of GDP)",CM.MKT.TRAD.GD.ZS,,,,,,,,,,,,,,,,,,,,,,,,,,,,,,,,,,,,,,,,,,,,,,,,,,,,,,,,,,
Antigua and Barbuda,ATG,"Stocks traded, total value (% of GDP)",CM.MKT.TRAD.GD.ZS,,,,,,,,,,,,,,,,,,,,,,,,,,,,,,,,,,,,,,,,,,,,,,,,,,,,,,,,,,
Australia,AUS,"Stocks traded, total value (% of GDP)",CM.MKT.TRAD.GD.ZS,,,,,,,,,,,,,,,,1.205385502,1.277471068,1.346048308,0.746348946,1.488954261,3.304701987,4.410084766,2.540525582,5.274302681,5.232269752,8.470484339,12.45264,30.41588943,17.37978792,14.54940953,12.92830932,14.03721716,12.94495054,21.4169342,30.90875969,26.74100597,36.21359252,34.56576356,38.99071092,51.18714631,51.37487369,63.60673223,73.75305497,90.42986762,89.05352702,88.45404383,115.2137533,161.1877494,79.77828468,90.82872236,98.87060706,80.93655972,58.67949189,50.06564474,48.02096866,55.64250594,65.80724168,61.14625846
Austria,AUT,"Stocks traded, total value (% of GDP)",CM.MKT.TRAD.GD.ZS,,,,,,,,,,,,,,,,0.167252438,0.223463812,0.143561762,0.136981315,0.123347761,0.128322442,0.118675183,0.102560092,0.183857641,0.166800653,1.155450741,1.207235758,1.114397481,1.492169639,19.69077143,34.64506589,4.422392108,2.43879726,3.459480856,4.310285473,5.393670182,4.357580045,5.672992262,8.272884591,5.439200302,4.911468933,3.706176447,3.049656932,4.599164746,8.616592306,13.71254679,24.69361794,33.22306975,22.80700508,12.8718955,12.46223882,8.996994364,5.773838061,6.168325944,6.499255004,8.305621486,6.794392864,9.598490013
Azerbaijan,AZE,"Stocks traded, total value (% of GDP)",CM.MKT.TRAD.GD.ZS,,,,,,,,,,,,,,,,,,,,,,,,,,,,,,,,,,,,,,,,,,,,,,,,,,,,,,,,,,
Burundi,BDI,"Stocks traded, total value (% of GDP)",CM.MKT.TRAD.GD.ZS,,,,,,,,,,,,,,,,,,,,,,,,,,,,,,,,,,,,,,,,,,,,,,,,,,,,,,,,,,
Belgium,BEL,"Stocks traded, total value (% of GDP)",CM.MKT.TRAD.GD.ZS,,,,,,,,,,,,,,,,0.87234922,0.924546133,0.744446712,0.710296524,0.903050673,0.605866906,0.590005107,1.117175013,1.500908445,1.721604247,2.549750964,3.979124351,5.359399068,5.048788607,5.144224793,3.529458073,3.194627553,3.292176405,4.672517409,5.277240899,5.247898767,7.775640402,11.17171927,22.6248916,19.43190545,16.21831529,15.88268892,14.74452044,12.96398878,20.25026214,27.49926132,33.0036882,49.0799833,36.77320802,25.43349701,22.21455845,19.59179577,20.27086351,22.13499951,20.20603321,,,
Benin,BEN,"Stocks traded, total value (% of GDP)",CM.MKT.TRAD.GD.ZS,,,,,,,,,,,,,,,,,,,,,,,,,,,,,,,,,,,,,,,,,,,,,,,,,,,,,,,,,,
Burkina Faso,BFA,"Stocks traded, total value (% of GDP)",CM.MKT.TRAD.GD.ZS,,,,,,,,,,,,,,,,,,,,,,,,,,,,,,,,,,,,,,,,,,,,,,,,,,,,,,,,,,
Bangladesh,BGD,"Stocks traded, total value (% of GDP)",CM.MKT.TRAD.GD.ZS,,,,,,,,,,,,,,,,,,,,,,,,,,,,,,,,,,0.044623314,0.318934767,0.39552186,1.836709394,1.179724635,2.018223249,1.888783375,1.752920607,0.483596522,,,0.381055978,0.2960128,0.329285738,0.889113443,1.59518674,2.282728742,4.196416302,1.729223169,1.082143069,0.823998589,,,,
Bulgaria,BGR,"Stocks traded, total value (% of GDP)",CM.MKT.TRAD.GD.ZS,,,,,,,,,,,,,,,,,,,,,,,,,,,,,,,,,,0.020314486,0.022686454,0.032150839,0.095849374,0.387026628,0.99863352,0.042978641,0.031247585,0.499445254,1.002060865,0.553837579,1.764968461,2.636873096,5.473932889,15.27593885,2.416597719,0.938797087,0.745405189,0.560569293,0.671576443,1.577510141,,,,
Bahrain,BHR,"Stocks traded, total value (% of GDP)",CM.MKT.TRAD.GD.ZS,,,,,,,,,,,,,,,,,,,,,,,,,,,,,,,,,,,2.877385933,1.813840221,2.895837637,7.552129705,9.321002968,6.726918929,2.708181848,2.133417654,2.232106925,2.408435984,2.369855879,4.397908525,7.463474899,4.807731247,8.104040739,2.0327647,1.118333008,0.542558965,0.905386213,1.858046714,2.149892702,0.944680997,1.035416141,1.594576154
"Bahamas, The",BHS,"Stocks traded, total value (% of GDP)",CM.MKT.TRAD.GD.ZS,,,,,,,,,,,,,,,,,,,,,,,,,,,,,,,,,,,,,,,,,,,,,,,,,,,,,,,,,,
Bosnia and Herzegovina,BIH,"Stocks traded, total value (% of GDP)",CM.MKT.TRAD.GD.ZS,,,,,,,,,,,,,,,,,,,,,,,,,,,,,,,,,,,,,,,,,,,,,,,,,,,,,,,,,,
Belarus,BLR,"Stocks traded, total value (% of GDP)",CM.MKT.TRAD.GD.ZS,,,,,,,,,,,,,,,,,,,,,,,,,,,,,,,,,,,,,,,,,,,,,,,,,,,,,,,,,,
Belize,BLZ,"Stocks traded, total value (% of GDP)",CM.MKT.TRAD.GD.ZS,,,,,,,,,,,,,,,,,,,,,,,,,,,,,,,,,,,,,,,,,,,,,,,,,,,,,,,,,,
Bermuda,BMU,"Stocks traded, total value (% of GDP)",CM.MKT.TRAD.GD.ZS,,,,,,,,,,,,,,,,,,,,,,,,,,,,,,,,,,,,1.580696824,1.324483655,3.286931005,3.117465858,6.798151745,3.907800055,5.787283897,2.336669352,1.211505963,1.42640438,1.404028154,2.899729032,2.746712156,1.669414108,0.533723433,1.81933266,0.337430602,0.528393761,0.791214469,,,,
Bolivia,BOL,"Stocks traded, total value (% of GDP)",CM.MKT.TRAD.GD.ZS,,,,,,,,,,,,,,,,,,,,,,,,,,,,,,,,,,,,,,,,,,,,,,,,,,,,,,,,,,
Brazil,BRA,"Stocks traded, total value (% of GDP)",CM.MKT.TRAD.GD.ZS,,,,,,,,,,,,,,,,,,,,1.441706614,2.287292489,2.346287164,2.103575522,1.725834761,3.546819072,7.436764368,10.78162871,3.34149299,1.846261603,0.975715639,1.264828977,1.951962313,5.756925406,8.03748614,14.649049,10.25634311,13.65530227,24.61494477,20.01362099,26.50198974,14.34975853,11.52666172,7.751495623,12.62336294,16.98483809,19.16938375,25.23172645,46.19898161,33.60385263,42.46301202,41.11293391,31.53107455,33.73530629,29.91249758,26.22854365,23.30343028,31.27560113,31.25764535
Barbados,BRB,"Stocks traded, total value (% of GDP)",CM.MKT.TRAD.GD.ZS,,,,,,,,,,,,,,,,,,,,,,,,,,,,,,,,,,0.215033896,0.264956666,0.137490779,0.255403175,0.908878203,1.10733869,0.338304232,1.540925837,0.330483051,,,,,,,,,0.753084621,2.514106718,0.343616781,0.138753388,0.188787744,,,
Brunei Darussalam,BRN,"Stocks traded, total value (% of GDP)",CM.MKT.TRAD.GD.ZS,,,,,,,,,,,,,,,,,,,,,,,,,,,,,,,,,,,,,,,,,,,,,,,,,,,,,,,,,,
Bhutan,BTN,"Stocks traded, total value (% of GDP)",CM.MKT.TRAD.GD.ZS,,,,,,,,,,,,,,,,,,,,,,,,,,,,,,,,,,,,,,,,,,,,,,,,,,,,,,,,,,
Botswana,BWA,"Stocks traded, total value (% of GDP)",CM.MKT.TRAD.GD.ZS,,,,,,,,,,,,,,,,,,,,,,,,,,,,,,,,,,,0.704335963,0.801376386,0.58810754,1.123457916,1.382957296,0.669370476,,,,,,,,,,,,,,,,,,
Central African Republic,CAF,"Stocks traded, total value (% of GDP)",CM.MKT.TRAD.GD.ZS,,,,,,,,,,,,,,,,,,,,,,,,,,,,,,,,,,,,,,,,,,,,,,,,,,,,,,,,,,
Canada,CAN,"Stocks traded, total value (% of GDP)",CM.MKT.TRAD.GD.ZS,,,,,,,,,,,,,,,,2.996450123,3.083065521,3.150575135,4.64660237,7.437048447,9.916348572,7.735329931,5.252905022,8.271792476,7.121607852,10.68967107,15.15074556,21.62088574,13.5560363,15.81795974,11.47023917,12.01571416,12.77969164,23.10558136,27.00768925,30.36357583,42.157859,51.76850629,56.45672885,58.08058783,84.66831433,60.55987052,59.16766257,56.76368028,69.0477834,79.7112395,94.04960672,119.1142478,97.0175871,97.21060196,87.07870531,82.41163255,73.89971651,71.83117948,74.7086921,70.29064676,75.10033232,77.40572136
Central Europe and the Baltics,CEB,"Stocks traded, total value (% of GDP)",CM.MKT.TRAD.GD.ZS,,,,,,,,,,,,,,,,,,,,,,,,,,,,,,,,,,1.352613281,3.673375837,2.415576579,4.802358915,4.797387291,4.280451856,4.41280537,7.896623108,4.040991643,3.605120066,4.442800615,7.197698674,10.40090646,12.7974574,16.38272274,8.345107062,9.582809135,9.890215385,8.471594276,7.332342976,7.475624351,6.543279839,,,
Switzerland,CHE,"Stocks traded, total value (% of GDP)",CM.MKT.TRAD.GD.ZS,,,,,,,,,,,,,,,,,,,,,66.52239968,68.73030886,,113.8834521,122.8270778,199.1311886,84.5061463,220.5918199,185.6556246,204.7615567,155.201515,28.15302506,26.63574073,70.78994536,87.36610971,93.14102726,125.7849303,188.5700651,233.2145081,160.4799594,233.0767509,210.5271914,162.8185069,127.1331476,11.12578638,13.86098988,18.85901446,262.3939776,254.8449786,142.3102381,149.9475461,118.3434243,88.61509451,101.6093812,103.507575,140.6204216,125.1953549,139.6899098
Channel Islands,CHI,"Stocks traded, total value (% of GDP)",CM.MKT.TRAD.GD.ZS,,,,,,,,,,,,,,,,,,,,,,,,,,,,,,,,,,,,,,,,1.173607595,0.53511781,0.959424018,0.705167072,0.115517145,0.146370377,0.03115345,0.008061038,0.000868462,,,,,,,,,,
Chile,CHL,"Stocks traded, total value (% of GDP)",CM.MKT.TRAD.GD.ZS,,,,,,,,,,,,,,,,,,,,,2.593269015,1.301076751,0.872624702,0.525644598,0.509618346,0.81342672,3.996601815,5.688505095,5.856323128,6.287291026,4.762352306,4.675167552,4.179676071,5.357868789,9.293889408,15.09386421,1.381901475,8.743253183,5.269901234,8.675815879,7.402505776,5.735593634,3.816922433,9.997784364,13.18568511,16.63125382,17.96790807,26.01445127,16.07247366,21.48275291,26.50588866,20.32357786,17.4047193,14.80937867,10.41156041,8.06336562,9.587869738,13.74788104
China,CHN,"Stocks traded, total value (% of GDP)",CM.MKT.TRAD.GD.ZS,,,,,,,,,,,,,,,,,,,,,,,,,,,,,,,,,,,,10.55462825,35.62839589,38.58708139,27.63634494,,62.12779501,34.55136473,22.99875533,23.36955083,26.15883159,17.16415373,42.11248681,177.5091337,84.92567672,153.2455525,135.3590566,88.13387311,58.72520734,80.10618504,114.0899122,355.4198164,162.9997853,140.3170071
Cote d'Ivoire,CIV,"Stocks traded, total value (% of GDP)",CM.MKT.TRAD.GD.ZS,,,,,,,,,,,,,,,,,,,,,,,,,,,,,,,,,,,,,,,,,,,,,,,,,,,,,,,,,,
Cameroon,CMR,"Stocks traded, total value (% of GDP)",CM.MKT.TRAD.GD.ZS,,,,,,,,,,,,,,,,,,,,,,,,,,,,,,,,,,,,,,,,,,,,,,,,,,,,,,,,,,
"Congo, Dem. Rep.",COD,"Stocks traded, total value (% of GDP)",CM.MKT.TRAD.GD.ZS,,,,,,,,,,,,,,,,,,,,,,,,,,,,,,,,,,,,,,,,,,,,,,,,,,,,,,,,,,
"Congo, Rep.",COG,"Stocks traded, total value (% of GDP)",CM.MKT.TRAD.GD.ZS,,,,,,,,,,,,,,,,,,,,,,,,,,,,,,,,,,,,,,,,,,,,,,,,,,,,,,,,,,
Colombia,COL,"Stocks traded, total value (% of GDP)",CM.MKT.TRAD.GD.ZS,,,,,,,,,,,,,,,,,,,,,1.068838734,1.346584203,0.318209489,0.160083356,0.141164953,0.123228902,0.148815956,0.288673229,0.242269375,0.255437014,0.268161721,0.868098677,1.680208943,1.627166127,3.222628128,1.299357205,2.631738497,2.239837815,3.31458354,1.603505738,1.180338772,0.798341843,1.052756347,0.851036108,1.776299311,6.51495077,9.605243845,8.315437993,7.391532012,8.489213149,7.907920548,7.735589606,8.711509523,5.368131455,4.552140397,3.974528758,4.754526214,4.229742718
Comoros,COM,"Stocks traded, total value (% of GDP)",CM.MKT.TRAD.GD.ZS,,,,,,,,,,,,,,,,,,,,,,,,,,,,,,,,,,,,,,,,,,,,,,,,,,,,,,,,,,
Cabo Verde,CPV,"Stocks traded, total value (% of GDP)",CM.MKT.TRAD.GD.ZS,,,,,,,,,,,,,,,,,,,,,,,,,,,,,,,,,,,,,,,,,,,,,,,,,,,,,,,,,,
Costa Rica,CRI,"Stocks traded, total value (% of GDP)",CM.MKT.TRAD.GD.ZS,,,,,,,,,,,,,,,,,,,,,,,,,,,,,,,,,,0.115336656,0.208001454,0.136709405,0.116282207,0.137427517,0.237637046,1.467494549,,,,0.668183793,0.2028088,0.109762571,0.273578843,0.268061386,0.177898669,0.102544433,0.110951205,0.087145407,0.072299846,0.132877441,,,,
Caribbean small states,CSS,"Stocks traded, total value (% of GDP)",CM.MKT.TRAD.GD.ZS,,,,,,,,,,,,,,,,,,,,,,,,,,,,,,,,,,,,,,,,,,,,,,,,,,,,,,,,,,
Cuba,CUB,"Stocks traded, total value (% of GDP)",CM.MKT.TRAD.GD.ZS,,,,,,,,,,,,,,,,,,,,,,,,,,,,,,,,,,,,,,,,,,,,,,,,,,,,,,,,,,
Curacao,CUW,"Stocks traded, total value (% of GDP)",CM.MKT.TRAD.GD.ZS,,,,,,,,,,,,,,,,,,,,,,,,,,,,,,,,,,,,,,,,,,,,,,,,,,,,,,,,,,
Cayman Islands,CYM,"Stocks traded, total value (% of GDP)",CM.MKT.TRAD.GD.ZS,,,,,,,,,,,,,,,,,,,,,,,,,,,,,,,,,,,,,,,,,,,,,,,0.049266728,,,,,,,,,,,
Cyprus,CYP,"Stocks traded, total value (% of GDP)",CM.MKT.TRAD.GD.ZS,,,,,,,,,,,,,,,,,,,,,,,,,,,,,,,,,,0.426384811,1.187766181,3.019300694,4.631489227,4.195199781,6.763891833,60.37992398,93.69539821,29.7975713,5.749565505,2.128710941,1.519310657,2.52791691,15.42121245,18.54306077,6.445527097,6.789136177,2.904673696,1.63779252,1.176493035,0.171146903,0.242344652,0.665271841,0.368322318,0.319266712
Czech Republic,CZE,"Stocks traded, total value (% of GDP)",CM.MKT.TRAD.GD.ZS,,,,,,,,,,,,,,,,,,,,,,,,,,,,,,,,,,0.584768681,3.211671646,4.591949797,9.449291142,9.244522108,7.107329754,6.064348124,10.78683651,5.106507713,7.230135739,8.801206153,15.11378958,25.19817006,18.51141467,19.96995136,13.69459253,12.91929494,10.64065352,9.040644528,8.455638016,5.859052887,5.185779311,,,
Germany,DEU,"Stocks traded, total value (% of GDP)",CM.MKT.TRAD.GD.ZS,,,,,,,,,,,,,,,,2.147194375,2.040402947,2.201842694,2.549113004,1.688049218,1.494519849,1.718170832,1.912430124,4.022861697,3.724912315,11.73098483,14.56687881,32.81674075,24.73767431,24.97378993,30.73607033,23.50198427,20.25706309,25.60128163,27.36684186,22.38502142,5.983614358,44.54077579,65.47411204,59.47813125,93.70666907,66.69831034,41.92882312,40.59811091,41.90125831,45.01515992,64.97495578,94.61862595,111.6532779,52.3052014,43.74057559,41.87681374,35.26950043,34.97953622,32.61873622,42.79560195,32.32253181,42.38272895
Djibouti,DJI,"Stocks traded, total value (% of GDP)",CM.MKT.TRAD.GD.ZS,,,,,,,,,,,,,,,,,,,,,,,,,,,,,,,,,,,,,,,,,,,,,,,,,,,,,,,,,,
Dominica,DMA,"Stocks traded, total value (% of GDP)",CM.MKT.TRAD.GD.ZS,,,,,,,,,,,,,,,,,,,,,,,,,,,,,,,,,,,,,,,,,,,,,,,,,,,,,,,,,,
Denmark,DNK,"Stocks traded, total value (% of GDP)",CM.MKT.TRAD.GD.ZS,,,,,,,,,,,,,,,,0.133417665,0.145818875,0.09842464,0.102712173,0.089375195,0.076707221,0.092003984,0.092397567,0.277072243,0.269722423,2.402736952,2.334127675,1.960940167,4.327275409,12.45287349,8.603454351,7.2088413,9.943254698,13.98671394,16.51734642,14.16508861,18.018743,25.2747376,37.93022828,31.2208973,54.77002131,40.06644367,18.1979236,20.11838392,27.1270423,,,,,,,,,,,,,
Dominican Republic,DOM,"Stocks traded, total value (% of GDP)",CM.MKT.TRAD.GD.ZS,,,,,,,,,,,,,,,,,,,,,,,,,,,,,,,,,,,,,,,,,,,,,,,,,,,,,,,,,,
Algeria,DZA,"Stocks traded, total value (% of GDP)",CM.MKT.TRAD.GD.ZS,,,,,,,,,,,,,,,,,,,,,,,,,,,,,,,,,,,,,,,,,,,,,,,,,,,,,,,,,,
East Asia & Pacific (excluding high income),EAP,"Stocks traded, total value (% of GDP)",CM.MKT.TRAD.GD.ZS,,,,,,,,,,,,,,,,,,,,,,,,,,,,,,,,,,,,17.78186868,27.30096307,31.36978305,25.8256082,,50.35251551,29.43287802,21.13842281,24.65363524,27.16721088,18.59043912,37.85181815,145.4856814,70.80866658,127.1339827,112.3268241,75.27343769,52.84531994,71.25932098,99.82508757,303.9119726,141.0097668,122.3378207
Early-demographic dividend,EAR,"Stocks traded, total value (% of GDP)",CM.MKT.TRAD.GD.ZS,,,,,,,,,,,,,,,,,,,,,,,,,,,,,,,,,,11.91391362,15.80557932,10.63403363,11.64749627,12.63330986,11.09652538,13.35883902,16.9491905,9.479349144,10.40929142,24.10407689,38.73671672,53.87600514,60.29441675,52.45136824,37.58399485,39.27808772,32.83252804,22.63797118,24.03212678,22.15938267,26.14015521,25.25937181,25.07311749,28.43134596
East Asia & Pacific,EAS,"Stocks traded, total value (% of GDP)",CM.MKT.TRAD.GD.ZS,,,,,,,,,,,,,,,,9.83997812,13.37591564,12.34948446,16.98132933,13.43888034,13.77514459,17.75865996,12.32795846,18.5882899,19.92665076,25.97409413,47.00198796,71.77346002,76.87947295,94.5840223,58.13026678,33.9551835,22.81690464,30.98696842,37.67554578,26.68101188,33.07714944,46.44423457,42.98304057,67.80666303,66.34148594,48.3777735,51.30494043,56.32052102,69.43283254,77.95604115,101.3729829,168.3810167,108.3765694,120.239576,111.493268,88.54790523,65.16014588,89.45996866,101.0800981,236.6701204,128.7073502,124.9333133
Europe & Central Asia (excluding high income),ECA,"Stocks traded, total value (% of GDP)",CM.MKT.TRAD.GD.ZS,,,,,,,,,,,,,,,,,,,,,,,,,,,,,,,,,,,,,,,,,,16.40424392,16.90485195,20.47756896,22.98439148,23.77285249,45.06643783,69.24214683,48.03634236,36.89640158,32.22652259,26.06057095,18.82191966,15.65155304,14.98444742,19.46698928,18.46798623,20.23171144
Europe & Central Asia,ECS,"Stocks traded, total value (% of GDP)",CM.MKT.TRAD.GD.ZS,,,,,,,,,,,,,,,,3.440458251,2.675688433,2.374881513,2.497746379,2.013011892,4.129640222,4.508987704,2.205586517,7.385974229,7.948793489,14.24181638,13.1075832,28.66096517,20.56722896,23.19171037,21.44789638,14.30094331,12.95894925,19.31192011,23.20623345,21.20331824,20.32750747,38.81766982,55.80223043,65.7977129,101.8309794,82.19308028,51.48051645,48.51089406,49.7924664,50.0246629,71.36583455,103.0879194,79.37917132,57.16036203,56.67496697,49.56742574,41.15168006,36.93695637,46.01887508,,,
Ecuador,ECU,"Stocks traded, total value (% of GDP)",CM.MKT.TRAD.GD.ZS,,,,,,,,,,,,,,,,,,,,,,,,,,,,,,,,,,,0.31397695,0.460445021,0.278279972,0.22086458,0.033593148,0.093152181,0.099848509,0.0196172,0.046236385,,,,,,,,,,,,,,,
"Egypt, Arab Rep.",EGY,"Stocks traded, total value (% of GDP)",CM.MKT.TRAD.GD.ZS,,,,,,,,,,,,,,,,,,,,,,,,,,,,,,,,,,,,,,,,,,,,,,,44.99623601,47.14773168,58.85502401,39.35513569,17.00200323,6.736196939,6.118488467,4.412930559,8.654145168,4.436485395,3.027732573,6.130292841
Euro area,EMU,"Stocks traded, total value (% of GDP)",CM.MKT.TRAD.GD.ZS,,,,,,,,,,,,,,,,1.790015233,1.679337226,1.710022206,2.122017257,1.405111797,1.383561289,1.599354547,1.337532206,2.32659432,2.360019917,6.222566001,9.306053902,16.10435627,11.6546235,14.0144515,15.3520213,11.7885408,10.3694793,14.57313402,17.45187415,15.1113855,11.40244394,31.15221076,50.87119316,62.7726885,101.4681943,78.24198827,51.72537391,48.3096938,51.96216207,52.92741582,73.0865504,102.4808914,81.23678506,48.61328338,46.32179635,42.29551738,37.1431743,37.43825577,47.65340041,,,
Eritrea,ERI,"Stocks traded, total value (% of GDP)",CM.MKT.TRAD.GD.ZS,,,,,,,,,,,,,,,,,,,,,,,,,,,,,,,,,,,,,,,,,,,,,,,,,,,,,,,,,,
Spain,ESP,"Stocks traded, total value (% of GDP)",CM.MKT.TRAD.GD.ZS,,,,,,,,,,,,,,,,1.578644354,1.660104833,,1.341129675,0.522953381,0.382433284,0.759563156,0.617457679,0.697707703,1.331729443,2.069334489,6.307280128,12.85436293,7.003750444,9.560186293,8.454028112,8.372922601,6.052055822,8.667950906,13.09479767,10.75661955,16.15579499,32.29870889,60.95775944,162.0123102,265.9634768,238.0940617,64.31973017,68.18300803,80.49543663,84.80586493,118.5008251,154.0141738,105.6332644,85.25166054,95.99436723,75.77562665,64.69842663,67.18512566,72.02510591,81.68347619,47.4795633,56.56380885
Estonia,EST,"Stocks traded, total value (% of GDP)",CM.MKT.TRAD.GD.ZS,,,,,,,,,,,,,,,,,,,,,,,,,,,,,,,,,,,,,,,12.30170128,4.896193368,5.840892599,4.136062702,3.14938283,6.25592931,7.45654693,,,,,,,,,,,,,
Ethiopia,ETH,"Stocks traded, total value (% of GDP)",CM.MKT.TRAD.GD.ZS,,,,,,,,,,,,,,,,,,,,,,,,,,,,,,,,,,,,,,,,,,,,,,,,,,,,,,,,,,
European Union,EUU,"Stocks traded, total value (% of GDP)",CM.MKT.TRAD.GD.ZS,,,,,,,,,,,,,,,,3.440458251,2.675688433,2.374881513,2.497746379,2.013011892,2.133677798,2.385340056,2.247331804,3.568502394,3.816889826,7.807648931,10.62475195,21.67340085,14.74620151,17.02384668,16.78913055,14.06001699,12.75006378,17.87850725,21.15394416,18.55324623,16.7496888,34.80106286,51.94092384,64.75327229,100.5299468,83.00159158,50.82681984,48.42438917,53.0677627,53.63011369,75.24986048,102.011639,78.3068082,56.39282886,57.02486293,51.26879392,44.34911729,39.2781358,50.25177198,,,
Fragile and conflict affected situations,FCS,"Stocks traded, total value (% of GDP)",CM.MKT.TRAD.GD.ZS,,,,,,,,,,,,,,,,,,,,,,,,,,,,,,,,,,,,,,,,,,,,,,,,,,,,,,,,,,
Finland,FIN,"Stocks traded, total value (% of GDP)",CM.MKT.TRAD.GD.ZS,,,,,,,,,,,,,,,,,,,,,,,0.26044762,0.468811651,0.725535908,1.026625842,2.685513338,7.350039393,6.507370417,6.538394214,2.924504493,1.183288911,1.738612653,8.7496995,12.86856161,14.31191769,3.431060127,27.32261816,47.48211031,77.69641364,167.8032574,138.5029594,103.0313553,83.19564493,95.92983468,,,,,,,,,,,,,
Fiji,FJI,"Stocks traded, total value (% of GDP)",CM.MKT.TRAD.GD.ZS,,,,,,,,,,,,,,,,,,,,,,,,,,,,,,,,,,,,,,,,,,,,,,,,,,,,,,,,,,
France,FRA,"Stocks traded, total value (% of GDP)",CM.MKT.TRAD.GD.ZS,,,,,,,,,,,,,,,,1.564436383,1.078099583,0.85015218,1.878597306,1.536263852,1.343022319,1.290759738,1.224416592,1.360894701,1.320326768,3.152144119,7.174953505,9.570802276,6.318690369,10.8093059,9.621633406,9.727105801,8.330101223,12.13954526,14.74400454,13.19455574,16.81088673,27.08038367,40.18179352,48.47804058,79.30278732,71.26139414,69.09953029,59.93118442,62.56598983,57.89536028,86.93102771,108.977415,82.44210919,47.73247094,51.09248131,46.47909459,40.03528769,39.32715734,40.97300571,,,
Faroe Islands,FRO,"Stocks traded, total value (% of GDP)",CM.MKT.TRAD.GD.ZS,,,,,,,,,,,,,,,,,,,,,,,,,,,,,,,,,,,,,,,,,,,,,,,,,,,,,,,,,,
"Micronesia, Fed. Sts.",FSM,"Stocks traded, total value (% of GDP)",CM.MKT.TRAD.GD.ZS,,,,,,,,,,,,,,,,,,,,,,,,,,,,,,,,,,,,,,,,,,,,,,,,,,,,,,,,,,
Gabon,GAB,"Stocks traded, total value (% of GDP)",CM.MKT.TRAD.GD.ZS,,,,,,,,,,,,,,,,,,,,,,,,,,,,,,,,,,,,,,,,,,,,,,,,,,,,,,,,,,
United Kingdom,GBR,"Stocks traded, total value (% of GDP)",CM.MKT.TRAD.GD.ZS,,,,,,,,,,,,,,,,14.64282446,10.34973928,7.359737229,5.845487346,5.825044512,6.34122403,6.072722716,6.357570889,8.695717741,10.46250269,15.60554367,18.78837834,57.30978652,32.36899042,34.25447415,27.83156874,29.20571965,27.84131283,39.30680167,41.57046319,37.57686464,41.78612239,53.90655366,63.75888404,85.48063241,111.2522957,116.8009007,59.23829614,61.11210769,67.59381125,68.62780506,102.6250669,128.4072311,94.63767693,117.821025,131.6236285,115.8516445,92.79845849,61.13736692,77.97390953,,,
Georgia,GEO,"Stocks traded, total value (% of GDP)",CM.MKT.TRAD.GD.ZS,,,,,,,,,,,,,,,,,,,,,,,,,,,,,,,,,,,,,,,,,,,,,,,,,,,,,,,,,,
Ghana,GHA,"Stocks traded, total value (% of GDP)",CM.MKT.TRAD.GD.ZS,,,,,,,,,,,,,,,,,,,,,,,,,,,,,,,,,,0.068719816,1.267319885,0.291563786,0.232877226,0.599450735,0.765542553,0.25766402,0.13967421,0.235187428,0.162171012,0.576358187,0.820594255,0.475230514,0.252821353,0.587265474,1.005367181,0.19940066,0.316396949,0.642213319,0.121603075,0.40351369,,,,
Gibraltar,GIB,"Stocks traded, total value (% of GDP)",CM.MKT.TRAD.GD.ZS,,,,,,,,,,,,,,,,,,,,,,,,,,,,,,,,,,,,,,,,,,,,,,,,,,,,,,,,,,
Guinea,GIN,"Stocks traded, total value (% of GDP)",CM.MKT.TRAD.GD.ZS,,,,,,,,,,,,,,,,,,,,,,,,,,,,,,,,,,,,,,,,,,,,,,,,,,,,,,,,,,
"Gambia, The",GMB,"Stocks traded, total value (% of GDP)",CM.MKT.TRAD.GD.ZS,,,,,,,,,,,,,,,,,,,,,,,,,,,,,,,,,,,,,,,,,,,,,,,,,,,,,,,,,,
Guinea-Bissau,GNB,"Stocks traded, total value (% of GDP)",CM.MKT.TRAD.GD.ZS,,,,,,,,,,,,,,,,,,,,,,,,,,,,,,,,,,,,,,,,,,,,,,,,,,,,,,,,,,
Equatorial Guinea,GNQ,"Stocks traded, total value (% of GDP)",CM.MKT.TRAD.GD.ZS,,,,,,,,,,,,,,,,,,,,,,,,,,,,,,,,,,,,,,,,,,,,,,,,,,,,,,,,,,
Greece,GRC,"Stocks traded, total value (% of GDP)",CM.MKT.TRAD.GD.ZS,,,,,,,,,,,,,,,,,,,,,0.512056525,0.361055607,0.241678606,0.12947898,0.099958299,0.1484708,0.189784979,1.83084483,1.090986169,1.804998437,8.148851876,4.550934845,2.370408905,4.629210153,4.295388158,4.346998115,5.645350987,14.76456716,34.63278598,129.0120384,70.40428219,27.263302,13.29313795,16.77734922,16.58578948,19.84063056,31.66474336,38.155255,23.07770546,17.97366202,13.57655196,7.984410665,6.137273207,10.01025125,13.94356776,9.175963173,6.343843393,7.595019371
Grenada,GRD,"Stocks traded, total value (% of GDP)",CM.MKT.TRAD.GD.ZS,,,,,,,,,,,,,,,,,,,,,,,,,,,,,,,,,,,,,,,,,,,,,,,,,,,,,,,,,,
Greenland,GRL,"Stocks traded, total value (% of GDP)",CM.MKT.TRAD.GD.ZS,,,,,,,,,,,,,,,,,,,,,,,,,,,,,,,,,,,,,,,,,,,,,,,,,,,,,,,,,,
Guatemala,GTM,"Stocks traded, total value (% of GDP)",CM.MKT.TRAD.GD.ZS,,,,,,,,,,,,,,,,,,,,,,,,,,,,,,,,,,,,,,,,,,,,,,,,,,,,,,,,,,
Guam,GUM,"Stocks traded, total value (% of GDP)",CM.MKT.TRAD.GD.ZS,,,,,,,,,,,,,,,,,,,,,,,,,,,,,,,,,,,,,,,,,,,,,,,,,,,,,,,,,,
Guyana,GUY,"Stocks traded, total value (% of GDP)",CM.MKT.TRAD.GD.ZS,,,,,,,,,,,,,,,,,,,,,,,,,,,,,,,,,,,,,,,,,,,,,,,,,,,,,,,,,,
High income,HIC,"Stocks traded, total value (% of GDP)",CM.MKT.TRAD.GD.ZS,,,,,,,,,,,,,,,,,,,,,,,,,18.68549146,24.97597711,33.71743598,48.79128482,39.807054,46.78159921,33.42215569,25.34205171,23.0422428,32.42483823,36.0912344,36.90242615,44.65457244,64.833302,81.72876287,112.4192316,163.2170689,119.4841755,94.04817815,85.83506947,95.43020835,117.3646824,139.8530907,184.288686,170.1042464,131.5132104,131.1971316,131.4330185,104.6716131,109.6134354,122.1003517,152.9838339,144.7683282,139.6150775
"Hong Kong SAR, China",HKG,"Stocks traded, total value (% of GDP)",CM.MKT.TRAD.GD.ZS,,,,,,,,,,,,,,,,4.816868257,5.016943442,2.085762158,2.230083733,4.767549882,2.692316828,,,,,,37.28883076,89.69933486,39.22915453,50.27205181,44.95585385,43.30668222,75.23826182,109.7713056,92.58801535,66.08155922,104.0863883,255.4425739,121.9435661,137.3418687,217.277363,140.6061111,107.567478,169.0682203,238.751308,231.9735691,390.3894961,952.6673233,715.1655873,660.2636488,650.6335682,578.2194648,409.9797661,459.5643704,497.8176975,668.6425522,421.0584082,572.012122
Honduras,HND,"Stocks traded, total value (% of GDP)",CM.MKT.TRAD.GD.ZS,,,,,,,,,,,,,,,,,,,,,,,,,,,,,,,,,,,,,,,,,,,,,,,,,,,,,,,,,,
Heavily indebted poor countries (HIPC),HPC,"Stocks traded, total value (% of GDP)",CM.MKT.TRAD.GD.ZS,,,,,,,,,,,,,,,,,,,,,,,,,,,,,,,,,,,,,,,,,,,,,,,,,,,,,,,,,,
Croatia,HRV,"Stocks traded, total value (% of GDP)",CM.MKT.TRAD.GD.ZS,,,,,,,,,,,,,,,,,,,,,,,,,,,,,,,,,,,,1.375763927,0.754793074,1.017375176,0.393360459,0.294223971,0.869053092,0.497645499,0.595903807,0.711319732,1.118425129,1.666624153,3.718606446,7.298826394,4.562845875,2.331446126,1.754734194,1.485834613,0.959419146,0.953416267,0.850432227,0.857411424,0.618969869,0.788183458
Haiti,HTI,"Stocks traded, total value (% of GDP)",CM.MKT.TRAD.GD.ZS,,,,,,,,,,,,,,,,,,,,,,,,,,,,,,,,,,,,,,,,,,,,,,,,,,,,,,,,,,
Hungary,HUN,"Stocks traded, total value (% of GDP)",CM.MKT.TRAD.GD.ZS,,,,,,,,,,,,,,,,,,,,,,,,,,,,,,,,,,,,,,,,,,,9.808808813,10.38688977,13.71197742,19.60809409,26.87587182,33.81203532,17.44559816,20.8324335,20.21534264,11.11782956,8.574728219,8.003996316,5.076937202,6.055166022,6.209367869,7.462341274
IBRD only,IBD,"Stocks traded, total value (% of GDP)",CM.MKT.TRAD.GD.ZS,,,,,,,,,,,,,,,,,,,,,,,,,,,,,,,,,,,,12.40878413,16.24903039,20.35330132,16.41999799,,27.72597856,16.36349071,13.28320661,19.35213952,23.06615868,21.08713975,34.62431252,83.78034939,49.46684561,75.0546085,66.05111859,45.49192769,35.22551157,43.71739075,59.07709376,176.6093207,88.84903431,79.30299905
IDA & IBRD total,IBT,"Stocks traded, total value (% of GDP)",CM.MKT.TRAD.GD.ZS,,,,,,,,,,,,,,,,,,,,,,,,,,,,,,,,,,,,12.11832439,15.74908331,19.82199554,16.02706246,,27.47188066,15.95662039,13.52494194,20.09187892,24.08347488,21.88899184,34.47586685,81.75116296,48.15964449,72.73590264,63.54385705,43.83402454,33.94074735,42.0622353,57.13831712,170.8774517,86.2528018,78.19382087
IDA total,IDA,"Stocks traded, total value (% of GDP)",CM.MKT.TRAD.GD.ZS,,,,,,,,,,,,,,,,,,,,,,,,,,,,,,,,,,,,,,,,,,,,,,,,,,,,,,,,,,
IDA blend,IDB,"Stocks traded, total value (% of GDP)",CM.MKT.TRAD.GD.ZS,,,,,,,,,,,,,,,,,,,,,,,,,,,,,,,,,,,,,5.197772951,9.568119632,8.504215085,17.86399379,,9.555071103,,,69.11062639,57.83935356,40.97438193,32.85038173,14.04853181,5.776338494,2.92632609,2.115898754,2.321264961,1.072719025,0.764434384,3.908106208,3.959500286,
Indonesia,IDN,"Stocks traded, total value (% of GDP)",CM.MKT.TRAD.GD.ZS,,,,,,,,,,,,,,,,,,,,,,,,,,,,,,,,,,5.751907978,6.663665066,7.11149049,14.26694188,10.19458729,13.54786084,15.11530411,7.818258922,6.007057244,6.331228307,5.435232817,8.518539238,9.745347416,11.06042546,21.95988302,14.86575523,15.95192119,13.83300461,11.81177143,10.01551189,10.83343618,10.18410275,8.717538573,9.697613357,9.109752421
IDA only,IDX,"Stocks traded, total value (% of GDP)",CM.MKT.TRAD.GD.ZS,,,,,,,,,,,,,,,,,,,,,,,,,,,,,,,,,,,,,,,,,,,,,,,,,,,,,,,,,,
Isle of Man,IMN,"Stocks traded, total value (% of GDP)",CM.MKT.TRAD.GD.ZS,,,,,,,,,,,,,,,,,,,,,,,,,,,,,,,,,,,,,,,,,,,,,,,,,,,,,,,,,,
India,IND,"Stocks traded, total value (% of GDP)",CM.MKT.TRAD.GD.ZS,,,,,,,,,,,,,,,,,,,,,,,,,,,,,,,,,,,,,,,,,,,,45.36965816,56.13483599,57.34444088,70.82164766,95.19377631,77.9689574,82.37199241,65.25686156,35.40469354,33.70874197,28.96380367,35.83414422,36.72000023,35.25919111,45.6598666
Not classified,INX,"Stocks traded, total value (% of GDP)",CM.MKT.TRAD.GD.ZS,,,,,,,,,,,,,,,,,,,,,,,,,,,,,,,,,,,,,,,,,,,,,,,,,,,,,,,,,,
Ireland,IRL,"Stocks traded, total value (% of GDP)",CM.MKT.TRAD.GD.ZS,,,,,,,,,,,,,,,,,,,,,,,,,,,,,,,,,,,,19.25295343,15.54336015,19.32170063,47.84500076,45.67822996,14.73569357,20.60247079,2.45384399,3.715284905,3.083003665,3.68824559,5.20487845,9.136535492,6.38585503,4.181305961,3.996177455,3.41870556,4.155709087,6.224638054,6.421500703,7.201732658,7.330746871,8.666935791
"Iran, Islamic Rep.",IRN,"Stocks traded, total value (% of GDP)",CM.MKT.TRAD.GD.ZS,,,,,,,,,,,,,,,,0.295502439,0.440818014,0.250619966,0.575682972,,,,,,,,,,,,,,,0.332519536,0.602020049,0.575155002,1.549035792,0.844625233,0.790383022,1.559107742,4.070171083,1.235273831,1.353604699,2.548436182,5.923745833,3.178543623,1.770183727,2.328484826,3.599890614,4.102892608,3.487614713,2.469463783,2.515037899,9.478913601,5.377982762,2.188486298,4.460680037,2.671514274
Iraq,IRQ,"Stocks traded, total value (% of GDP)",CM.MKT.TRAD.GD.ZS,,,,,,,,,,,,,,,,,,,,,,,,,,,,,,,,,,,,,,,,,,,,,,,,,,,,,,,,,,
Iceland,ISL,"Stocks traded, total value (% of GDP)",CM.MKT.TRAD.GD.ZS,,,,,,,,,,,,,,,,,,,,,,,,,,,,,,,,,,0.21545898,0.309779328,0.624100526,1.158101249,2.396371788,6.122759763,17.62643918,24.7044394,15.75646039,43.04662772,69.00313928,85.51592431,,,,,,,,,,,,,
Israel,ISR,"Stocks traded, total value (% of GDP)",CM.MKT.TRAD.GD.ZS,,,,,,,,,,,,,,,,,,,,2.889347693,6.863008094,12.03080246,17.25882289,17.29374817,2.136133254,2.614791161,6.149303975,11.79150579,4.637294601,7.498782013,8.912675989,12.41820325,17.32803644,37.89370799,29.02890904,8.759196728,7.366494432,12.1125271,11.91601284,17.86285029,21.69032748,11.46832054,9.391474685,14.03496996,22.35651562,29.79096479,41.02417683,55.70682023,44.47288838,38.34940291,46.33035033,29.28214087,19.74459982,19.00200172,15.33655173,18.84729557,16.30975902,19.67725268
Italy,ITA,"Stocks traded, total value (% of GDP)",CM.MKT.TRAD.GD.ZS,,,,,,,,,,,,,,,,0.721320852,0.560774291,0.33729754,0.626713514,0.881979836,1.802420708,2.527498563,0.654505874,0.876781457,0.926901656,3.042710116,6.008579518,4.032025591,3.556379107,4.541204379,3.581844744,1.886564907,2.10001165,6.212595657,10.89342812,7.438165418,7.834250176,16.39418483,38.3741019,42.92782367,86.66914266,51.59249673,45.51561467,46.66460791,50.05820921,56.93281991,62.23253665,100.477002,57.90810524,42.41415467,31.33365741,37.19214624,37.75556045,36.14147556,95.53513962,,,
Jamaica,JAM,"Stocks traded, total value (% of GDP)",CM.MKT.TRAD.GD.ZS,,,,,,,,,,,,,,,,,,,,,,,,,,,,,,,,,,5.426359028,2.978335172,1.493995838,1.847991314,1.578612268,0.63572525,0.608365852,0.849159754,1.351054447,1.580331311,,,,,,,,,1.773141202,4.840486443,0.497373622,0.90086697,,,
Jordan,JOR,"Stocks traded, total value (% of GDP)",CM.MKT.TRAD.GD.ZS,,,,,,,,,,,,,,,,,,,,,,,,,,,,,,,,,,23.65211345,11.27331461,8.784908039,5.054587788,6.912599566,8.242833873,6.730799619,5.571824505,10.51061274,13.97554463,25.66385891,46.88473366,189.1828834,129.8883658,101.8498053,123.7610365,54.17802431,32.5344808,13.51371154,8.823594742,10.20249435,8.631134079,9.475547415,6.686177759,5.826352188
Japan,JPN,"Stocks traded, total value (% of GDP)",CM.MKT.TRAD.GD.ZS,,,,,,,,,,,,,,,,11.54511447,15.72457822,14.25357915,19.14282455,15.7591801,16.30167238,21.03828448,15.43365109,21.8894648,24.29320869,32.53284154,55.60470797,79.52632826,82.78568391,85.41137878,49.17523331,28.7603316,15.51065166,20.42306053,21.79539303,21.00144383,24.60246011,23.61019425,25.92628095,44.46861505,50.76243948,39.54752797,42.10305937,52.36246586,71.80848972,91.21566962,121.3705806,145.8570165,123.2398001,73.94114961,74.91619976,70.00098504,53.94643928,117.9887442,99.8824198,126.7703175,105.6768961,118.601537
Kazakhstan,KAZ,"Stocks traded, total value (% of GDP)",CM.MKT.TRAD.GD.ZS,,,,,,,,,,,,,,,,,,,,,,,,,,,,,,,,,,,,,,,,,,,0.121770083,1.421983104,2.355437325,1.82209926,3.010423529,8.588697873,2.803263493,3.699010948,0.355534906,0.283315108,0.539907561,0.296195122,0.389132521,1.440703177,0.540272166,0.492614748
Kenya,KEN,"Stocks traded, total value (% of GDP)",CM.MKT.TRAD.GD.ZS,,,,,,,,,,,,,,,,,,,,,,,,,,,,,,,,,,0.210369297,0.959689491,0.661594548,0.590908488,0.74330346,0.526465206,0.376085212,0.297512299,0.302633432,0.284307333,1.341875025,1.763492112,2.690376513,5.282641919,3.528891396,2.067688619,0.53574257,1.983820618,2.186274005,2.002793329,3.27551199,1.645129589,1.067144007,1.15106408,
Kyrgyz Republic,KGZ,"Stocks traded, total value (% of GDP)",CM.MKT.TRAD.GD.ZS,,,,,,,,,,,,,,,,,,,,,,,,,,,,,,,,,,,,,,,,,,,,,,,,,,,,,,,,,,
Cambodia,KHM,"Stocks traded, total value (% of GDP)",CM.MKT.TRAD.GD.ZS,,,,,,,,,,,,,,,,,,,,,,,,,,,,,,,,,,,,,,,,,,,,,,,,,,,,,,,,,,
Kiribati,KIR,"Stocks traded, total value (% of GDP)",CM.MKT.TRAD.GD.ZS,,,,,,,,,,,,,,,,,,,,,,,,,,,,,,,,,,,,,,,,,,,,,,,,,,,,,,,,,,
St. Kitts and Nevis,KNA,"Stocks traded, total value (% of GDP)",CM.MKT.TRAD.GD.ZS,,,,,,,,,,,,,,,,,,,,,,,,,,,,,,,,,,,,,,,,,,,,,,,,,,,,,,,,,,
"Korea, Rep.",KOR,"Stocks traded, total value (% of GDP)",CM.MKT.TRAD.GD.ZS,,,,,,,,,,,,,,,,,,,,4.056004395,2.872078216,4.995057641,3.38875367,2.531633992,3.901376918,4.056102898,9.643939013,17.70051264,43.1343767,49.06308427,26.71065405,25.34067395,32.90243233,54.50104131,62.9559998,33.12656087,29.67839406,30.64124805,42.85209511,157.5861062,88.2009816,70.16461742,95.39575351,67.18586133,68.7458133,133.5784162,132.3656045,170.8311606,118.4593604,186.8713895,148.9040214,160.8701683,129.5931395,101.8571229,90.9564736,133.3366391,113.1499605,131.434455
Kuwait,KWT,"Stocks traded, total value (% of GDP)",CM.MKT.TRAD.GD.ZS,,,,,,,,,,,,,,,,,,,,,,,,,,,,,,,,,,10.81056634,7.749768608,22.70326054,56.48697206,108.6691631,35.73581531,,,3.340396066,5.847256255,11.71781033,81.51802067,114.3200854,56.32278803,,,,,13.89361962,12.50312913,23.15717469,,,,
Latin America & Caribbean (excluding high income),LAC,"Stocks traded, total value (% of GDP)",CM.MKT.TRAD.GD.ZS,,,,,,,,,,,,,,,,,,,,2.046185782,1.93449421,1.97350663,1.381849264,1.152885018,2.199748827,4.446053832,7.622527517,4.323516131,2.508723154,2.586939147,3.20138052,4.56668271,8.364674107,9.263600694,11.15423712,8.472550665,10.86389121,16.48877135,12.29456884,13.39034596,8.701769149,7.382605413,4.271106253,6.545502485,9.739715853,11.76592658,16.17103883,28.30967873,21.13405568,27.37766357,27.97879379,21.92651348,23.06735329,21.10533095,18.16812193,15.5408458,20.61215972,20.67407103
Lao PDR,LAO,"Stocks traded, total value (% of GDP)",CM.MKT.TRAD.GD.ZS,,,,,,,,,,,,,,,,,,,,,,,,,,,,,,,,,,,,,,,,,,,,,,,,,,,,,,,,,,
Lebanon,LBN,"Stocks traded, total value (% of GDP)",CM.MKT.TRAD.GD.ZS,,,,,,,,,,,,,,,,,,,,,,,,,,,,,,,,,,,,,0.490057962,4.061296227,1.903789599,0.495657067,0.674145657,0.298021197,0.614340711,0.617489926,0.898248575,4.2376858,9.224341941,3.936182186,5.855063722,2.934060196,4.88620053,1.276310407,0.930050931,0.340981498,1.305363659,1.021486426,1.820022918,1.176564443
Liberia,LBR,"Stocks traded, total value (% of GDP)",CM.MKT.TRAD.GD.ZS,,,,,,,,,,,,,,,,,,,,,,,,,,,,,,,,,,,,,,,,,,,,,,,,,,,,,,,,,,
Libya,LBY,"Stocks traded, total value (% of GDP)",CM.MKT.TRAD.GD.ZS,,,,,,,,,,,,,,,,,,,,,,,,,,,,,,,,,,,,,,,,,,,,,,,,,,,,,,,,,,
St. Lucia,LCA,"Stocks traded, total value (% of GDP)",CM.MKT.TRAD.GD.ZS,,,,,,,,,,,,,,,,,,,,,,,,,,,,,,,,,,,,,,,,,,,,,,,,,,,,,,,,,,
Latin America & Caribbean,LCN,"Stocks traded, total value (% of GDP)",CM.MKT.TRAD.GD.ZS,,,,,,,,,,,,,,,,,,,,,1.902400947,1.732153426,1.207833428,0.929543077,1.851188512,3.698514923,6.039558907,3.602434006,2.789328809,2.526457996,2.859933716,4.22319177,7.875589547,11.0479877,15.99381229,9.168552634,10.38472828,15.58848119,11.29327657,11.54117143,7.8079342,6.584105666,4.053014794,6.327413296,9.256028656,11.17382189,14.91867102,25.67226806,18.81960744,24.30128039,25.06607349,19.49475693,20.16770339,18.40878537,15.82494034,13.02515477,17.29517757,17.56215219
Least developed countries: UN classification,LDC,"Stocks traded, total value (% of GDP)",CM.MKT.TRAD.GD.ZS,,,,,,,,,,,,,,,,,,,,,,,,,,,,,,,,,,,,,,,,,,,,,,,,,,,,,,,,,,
Low income,LIC,"Stocks traded, total value (% of GDP)",CM.MKT.TRAD.GD.ZS,,,,,,,,,,,,,,,,,,,,,,,,,,,,,,,,,,,,,,,,,,,,,,,,,,,,,,,,,,
Liechtenstein,LIE,"Stocks traded, total value (% of GDP)",CM.MKT.TRAD.GD.ZS,,,,,,,,,,,,,,,,,,,,,,,,,,,,,,,,,,,,,,,,,,,,,,,,,,,,,,,,,,
Sri Lanka,LKA,"Stocks traded, total value (% of GDP)",CM.MKT.TRAD.GD.ZS,,,,,,,,,,,,,,,,,,,,,,,,,,,,,,,,,,3.651336663,5.932100006,0.654658326,0.423809964,2.048779249,1.782845737,1.331474416,0.81808536,0.828711367,1.907654703,3.814367901,2.701121836,4.424605611,3.462043326,2.986814928,2.378642466,2.960209071,8.804998856,7.3455754,2.446730321,2.06291994,3.274285162,2.226161363,1.471851271,0.870441729
Lower middle income,LMC,"Stocks traded, total value (% of GDP)",CM.MKT.TRAD.GD.ZS,,,,,,,,,,,,,,,,,,,,,,,,,,,,,,,,,,,,,,,,,,,,32.31327674,39.75786546,39.9126696,43.64658448,58.76340321,42.34359363,44.314707,32.14018168,18.14519512,17.06319831,14.62880949,18.64702024,19.94807307,19.89320862,27.60170246
Low & middle income,LMY,"Stocks traded, total value (% of GDP)",CM.MKT.TRAD.GD.ZS,,,,,,,,,,,,,,,,,,,,,,,,,,,,,,,,,,,,12.65131855,17.10489323,21.31121915,17.52534691,,30.38403538,17.49491808,14.53213961,21.39849209,25.54397343,23.07414538,36.37037959,86.97989011,51.36598959,77.20632126,67.03305935,46.07528965,35.54256239,44.08211288,60.06209373,180.5089039,90.79200683,82.33962507
Lesotho,LSO,"Stocks traded, total value (% of GDP)",CM.MKT.TRAD.GD.ZS,,,,,,,,,,,,,,,,,,,,,,,,,,,,,,,,,,,,,,,,,,,,,,,,,,,,,,,,,,
Late-demographic dividend,LTE,"Stocks traded, total value (% of GDP)",CM.MKT.TRAD.GD.ZS,,,,,,,,,,,,,,,,,,,,,,,,,,,,,,,,,,,,13.45500532,18.98492558,25.93113618,20.70148662,,35.47943699,20.76351295,15.25307242,19.00732617,22.05871009,18.29162291,34.43409588,100.3508342,55.24111918,88.73212904,79.01598309,53.96513231,39.91606626,51.27647315,72.09956736,231.6387522,112.0119801,96.48577549
Lithuania,LTU,"Stocks traded, total value (% of GDP)",CM.MKT.TRAD.GD.ZS,,,,,,,,,,,,,,,,,,,,,,,,,,,,,,,,,,,,,,,,,,,,1.08389398,2.17616561,,,,,,,,,,,,,
Luxembourg,LUX,"Stocks traded, total value (% of GDP)",CM.MKT.TRAD.GD.ZS,,,,,,,,,,,,,,,,,,,,,,,0.356801832,0.34182393,0.438312845,0.891621143,1.738266272,1.456313684,2.616572163,1.967953686,1.491014461,1.029543694,0.71089159,1.281259652,1.467003492,0.951030102,2.360789881,5.045228131,7.661985503,4.277716475,5.748908445,2.025862711,1.301175989,0.957495306,1.143107332,0.60700352,0.566719135,0.479502742,3.206213161,0.546772493,0.334169749,0.204534216,0.202812515,0.193620431,0.166522573,0.166048002,0.12011533,0.149897998
Latvia,LVA,"Stocks traded, total value (% of GDP)",CM.MKT.TRAD.GD.ZS,,,,,,,,,,,,,,,,,,,,,,,,,,,,,,,,,,,,0.000345521,0.197653463,1.273431237,1.2362395,0.570807502,3.43547846,1.965209924,1.974557732,1.346562541,1.107611625,,,,,,,,,,,,,
"Macao SAR, China",MAC,"Stocks traded, total value (% of GDP)",CM.MKT.TRAD.GD.ZS,,,,,,,,,,,,,,,,,,,,,,,,,,,,,,,,,,,,,,,,,,,,,,,,,,,,,,,,,,
St. Martin (French part),MAF,"Stocks traded, total value (% of GDP)",CM.MKT.TRAD.GD.ZS,,,,,,,,,,,,,,,,,,,,,,,,,,,,,,,,,,,,,,,,,,,,,,,,,,,,,,,,,,
Morocco,MAR,"Stocks traded, total value (% of GDP)",CM.MKT.TRAD.GD.ZS,,,,,,,,,,,,,,,,,,,,,,,,,,,,,,,,,,1.54159753,2.282599885,6.267440708,4.797336214,8.089845146,12.45484542,20.09270382,8.121778797,4.393609731,2.364997181,4.952552793,6.588901941,12.65674917,14.36360931,29.31632134,14.88196746,8.518114374,6.542064831,4.037191331,3.554616145,3.029946463,2.766501011,2.901784188,3.067067391,3.873423981
Monaco,MCO,"Stocks traded, total value (% of GDP)",CM.MKT.TRAD.GD.ZS,,,,,,,,,,,,,,,,,,,,,,,,,,,,,,,,,,,,,,,,,,,,,,,,,,,,,,,,,,
Moldova,MDA,"Stocks traded, total value (% of GDP)",CM.MKT.TRAD.GD.ZS,,,,,,,,,,,,,,,,,,,,,,,,,,,,,,,,,,,,,,,,,,,,,,,,,,,,,,,,,,
Madagascar,MDG,"Stocks traded, total value (% of GDP)",CM.MKT.TRAD.GD.ZS,,,,,,,,,,,,,,,,,,,,,,,,,,,,,,,,,,,,,,,,,,,,,,,,,,,,,,,,,,
Maldives,MDV,"Stocks traded, total value (% of GDP)",CM.MKT.TRAD.GD.ZS,,,,,,,,,,,,,,,,,,,,,,,,,,,,,,,,,,,,,,,,,,,,,,,,,,,,,,,,,,
Middle East & North Africa,MEA,"Stocks traded, total value (% of GDP)",CM.MKT.TRAD.GD.ZS,,,,,,,,,,,,,,,,,,,,,,,,,,,,,,,,,,,,,,,,,,,,,,,113.1185149,60.78262513,45.60581644,34.18975617,19.76364425,17.05362118,22.4979157,21.0750597,31.39137702,24.28807773,18.28833213,14.85682649
Mexico,MEX,"Stocks traded, total value (% of GDP)",CM.MKT.TRAD.GD.ZS,,,,,,,,,,,,,,,,,,,1.303414634,3.056797784,1.65662774,1.671854088,0.450198408,0.628712987,1.044930929,1.649351016,3.095966651,7.428802499,4.189087884,6.075715062,7.05630302,10.06458765,12.14364885,12.50070332,10.83117206,9.495772707,10.49281283,10.3324634,5.310550222,5.81952464,6.314436236,7.015749698,3.29443982,3.164836219,5.654449525,6.209497041,8.390601776,11.20175705,7.645171895,8.616967907,10.50482372,8.453209842,9.964830957,12.84418761,9.74108483,8.86217944,10.39040019,9.485101569
Marshall Islands,MHL,"Stocks traded, total value (% of GDP)",CM.MKT.TRAD.GD.ZS,,,,,,,,,,,,,,,,,,,,,,,,,,,,,,,,,,,,,,,,,,,,,,,,,,,,,,,,,,
Middle income,MIC,"Stocks traded, total value (% of GDP)",CM.MKT.TRAD.GD.ZS,,,,,,,,,,,,,,,,,,,,,,,,,,,,,,,,,,,,12.67448285,17.13781304,21.34870548,17.55162371,,30.45836702,17.53483143,14.53213961,21.39849209,25.54397343,23.07414538,36.37037959,86.97989011,51.36598959,77.20632126,67.03305935,46.07528965,35.54256239,44.08211288,60.06209373,180.5089039,90.79200683,82.33962507
"Macedonia, FYR",MKD,"Stocks traded, total value (% of GDP)",CM.MKT.TRAD.GD.ZS,,,,,,,,,,,,,,,,,,,,,,,,,,,,,,,,,,,,,,,,,,,,,,,,,,,,,,,,,,
Mali,MLI,"Stocks traded, total value (% of GDP)",CM.MKT.TRAD.GD.ZS,,,,,,,,,,,,,,,,,,,,,,,,,,,,,,,,,,,,,,,,,,,,,,,,,,,,,,,,,,
Malta,MLT,"Stocks traded, total value (% of GDP)",CM.MKT.TRAD.GD.ZS,,,,,,,,,,,,,,,,,,,,,,,,,,,,,,,,,,,,,,,0.902733643,1.276859534,4.317271064,1.127919183,1.169551317,0.936666674,1.660294379,2.181129655,4.003481035,1.200303152,0.758481293,0.42763995,0.555539056,0.512955613,0.478741692,0.663964927,0.547086984,0.839793594,0.65490764,0.840976882
Myanmar,MMR,"Stocks traded, total value (% of GDP)",CM.MKT.TRAD.GD.ZS,,,,,,,,,,,,,,,,,,,,,,,,,,,,,,,,,,,,,,,,,,,,,,,,,,,,,,,,,,
Middle East & North Africa (excluding high income),MNA,"Stocks traded, total value (% of GDP)",CM.MKT.TRAD.GD.ZS,,,,,,,,,,,,,,,,,,,,,,,,,,,,,,,,,,,,,,,,,,,,,,,,,,,7.959244187,3.839284677,3.636599532,,,3.319979888,3.748497163,
Montenegro,MNE,"Stocks traded, total value (% of GDP)",CM.MKT.TRAD.GD.ZS,,,,,,,,,,,,,,,,,,,,,,,,,,,,,,,,,,,,,,,,,,,,,,,,9.699758026,1.831851346,,1.072673107,1.687674085,1.064406364,,,,,
Mongolia,MNG,"Stocks traded, total value (% of GDP)",CM.MKT.TRAD.GD.ZS,,,,,,,,,,,,,,,,,,,,,,,,,,,,,,,,,,,,,,,,,,,,,,,,,,,,,,,,,,
Northern Mariana Islands,MNP,"Stocks traded, total value (% of GDP)",CM.MKT.TRAD.GD.ZS,,,,,,,,,,,,,,,,,,,,,,,,,,,,,,,,,,,,,,,,,,,,,,,,,,,,,,,,,,
Mozambique,MOZ,"Stocks traded, total value (% of GDP)",CM.MKT.TRAD.GD.ZS,,,,,,,,,,,,,,,,,,,,,,,,,,,,,,,,,,,,,,,,,,,,,,,,,,,,,,,,,,
Mauritania,MRT,"Stocks traded, total value (% of GDP)",CM.MKT.TRAD.GD.ZS,,,,,,,,,,,,,,,,,,,,,,,,,,,,,,,,,,,,,,,,,,,,,,,,,,,,,,,,,,
Mauritius,MUS,"Stocks traded, total value (% of GDP)",CM.MKT.TRAD.GD.ZS,,,,,,,,,,,,,,,,,,,,,,,,,,,,,,,,,,1.149732279,2.345328442,1.325134057,2.243131121,2.917345971,2.265650027,1.650131632,1.427587846,2.322255321,1.154321389,1.830001545,1.786806239,2.224767299,2.231816596,5.052429318,3.490161019,3.72730691,3.64866069,4.427961294,2.535332702,2.648552959,3.618791397,3.940974057,2.612462869,3.370673715
Malawi,MWI,"Stocks traded, total value (% of GDP)",CM.MKT.TRAD.GD.ZS,,,,,,,,,,,,,,,,,,,,,,,,,,,,,,,,,,,,,,,,,,,,,,,,,,,,,,,,,,
Malaysia,MYS,"Stocks traded, total value (% of GDP)",CM.MKT.TRAD.GD.ZS,,,,,,,,,,,,,,,,,,,,,10.50553939,12.41321727,4.566302238,9.885593021,6.348578187,7.689094914,4.213515155,11.84207339,7.096956505,17.00487406,24.33126614,21.74154381,31.37921574,21.17153861,16.03529077,67.78584955,25.42913183,42.5900328,36.79195848,53.1356656,55.98862068,22.6686734,25.51276996,41.48006132,43.44004354,31.10376502,42.50107543,79.89782409,35.66571499,39.96816213,45.01247991,43.73775882,39.32577009,43.97595873,42.19682941,37.60758845,33.14452232,43.69450163
North America,NAC,"Stocks traded, total value (% of GDP)",CM.MKT.TRAD.GD.ZS,,,,,,,,,,,,,,,,,,,,,,,,,25.78963223,32.00206538,45.07020186,56.02565115,35.31049512,39.06555431,31.9497317,32.62170406,36.54331203,47.85171928,48.24314889,64.83662826,82.81006454,103.6627509,130.2127688,185.7694945,275.694881,187.7306858,149.0826802,133.4034461,148.9157681,187.3034727,209.6571728,279.6357873,299.5517839,225.6267305,225.7079877,245.606017,187.3643942,186.4692745,209.7108918,215.9250143,214.4056361,195.1440807
Namibia,NAM,"Stocks traded, total value (% of GDP)",CM.MKT.TRAD.GD.ZS,,,,,,,,,,,,,,,,,,,,,,,,,,,,,,,,,,,0.335473951,0.075840622,0.955810971,0.563050887,0.339210931,0.586024272,0.473819488,0.146611703,0.048196338,0.055563305,0.300899424,0.076019092,0.216826368,0.234301738,0.1726226,0.281539679,0.179486388,0.102823373,0.460193179,0.264196835,0.546062678,,,
New Caledonia,NCL,"Stocks traded, total value (% of GDP)",CM.MKT.TRAD.GD.ZS,,,,,,,,,,,,,,,,,,,,,,,,,,,,,,,,,,,,,,,,,,,,,,,,,,,,,,,,,,
Niger,NER,"Stocks traded, total value (% of GDP)",CM.MKT.TRAD.GD.ZS,,,,,,,,,,,,,,,,,,,,,,,,,,,,,,,,,,,,,,,,,,,,,,,,,,,,,,,,,,
Nigeria,NGA,"Stocks traded, total value (% of GDP)",CM.MKT.TRAD.GD.ZS,,,,,,,,,,,,,,,,,,,,,,,,,,,,,,,,,,0.191272359,0.247699922,0.292780751,0.89922384,1.393069139,1.904475413,0.313904407,,0.383343201,,,1.91316746,1.740577876,2.473764572,10.4294103,8.035291753,2.650870353,1.383278033,0.940373597,0.887898023,1.209380139,0.902888231,0.849132697,0.373071527,0.587088385
Nicaragua,NIC,"Stocks traded, total value (% of GDP)",CM.MKT.TRAD.GD.ZS,,,,,,,,,,,,,,,,,,,,,,,,,,,,,,,,,,,,,,,,,,,,,,,,,,,,,,,,,,
Netherlands,NLD,"Stocks traded, total value (% of GDP)",CM.MKT.TRAD.GD.ZS,,,,,,,,,,,,,,,,4.812577574,5.448367469,6.272933569,6.474926925,2.6375284,2.464375689,2.481236409,3.145550832,6.259716776,7.809423829,14.22903391,16.94798515,18.41279869,11.66639686,19.1661795,13.90474252,13.15888618,12.42784641,14.64373983,20.28898977,25.93242779,38.43824128,60.24500213,93.61580319,95.00730172,157.5510373,106.8768269,113.4790341,94.23856128,96.61333302,87.64521254,123.9640889,183.6345457,103.6887799,63.1840426,66.64265137,57.89613102,50.36056159,54.99059397,54.13347405,,,
Norway,NOR,"Stocks traded, total value (% of GDP)",CM.MKT.TRAD.GD.ZS,,,,,,,,,,,,,,,,,,,,,0.130355066,0.156470494,0.139479508,1.470826842,3.538402126,3.252402137,2.160693489,10.23685058,4.725218522,12.69615012,12.37979098,10.34677526,6.970511019,13.7911991,14.29993004,16.10658316,21.64694215,28.37994411,25.82947052,30.74241085,35.23058374,30.36892746,18.67313409,21.37251553,34.62171939,45.90842029,81.88099148,101.6839121,58.74337826,53.71960835,49.4071352,37.04468707,23.44184632,18.43958695,20.49317304,24.82754114,28.38575868,29.54688179
Nepal,NPL,"Stocks traded, total value (% of GDP)",CM.MKT.TRAD.GD.ZS,,,,,,,,,,,,,,,,,,,,,,,,,,,,,,,,,,,,,,,,,,,,,,,,,,,,,,,,,,
Nauru,NRU,"Stocks traded, total value (% of GDP)",CM.MKT.TRAD.GD.ZS,,,,,,,,,,,,,,,,,,,,,,,,,,,,,,,,,,,,,,,,,,,,,,,,,,,,,,,,,,
New Zealand,NZL,"Stocks traded, total value (% of GDP)",CM.MKT.TRAD.GD.ZS,,,,,,,,,,,,,,,,,,,,,,,,,,3.758061563,7.029973254,7.274051092,2.369811194,2.13671717,4.230757598,6.328395289,7.260927005,14.41042427,13.41666683,13.10096506,13.80736337,13.41200956,20.92748022,20.49936451,18.95606444,15.79598441,3.882497613,4.376126059,4.899102683,4.756137389,4.844508512,4.333228624,2.474263153,2.717065634,1.307101868,2.293359944,3.034946589,4.639814713,4.307175655,5.100288037,5.777239159,5.76522729
OECD members,OED,"Stocks traded, total value (% of GDP)",CM.MKT.TRAD.GD.ZS,,,,,,,,,,,,,,,,,,,,,,,,,18.4523893,24.85636485,33.69666135,48.0989165,38.24695128,40.82858633,29.60454361,23.37480055,21.7405014,29.99644246,32.10490051,35.50181015,42.65678712,59.0327146,77.77942743,108.3788492,158.8288741,117.5591287,90.83251437,82.55937191,90.72968834,111.6397114,133.2666749,176.0485186,165.0621127,126.5687037,127.0602289,129.0418162,102.7728536,107.6721001,119.008914,149.0632534,143.2216844,136.559464
Oman,OMN,"Stocks traded, total value (% of GDP)",CM.MKT.TRAD.GD.ZS,,,,,,,,,,,,,,,,,,,,,,,,,,,,,,,,,,1.50402927,2.355471785,1.954559175,4.306324073,23.5361735,13.78792007,3.092586985,2.812264352,1.789017689,2.982606748,7.128933784,7.96100272,11.75673659,7.837571473,16.41753553,14.44830817,12.0565724,5.643408883,3.751885116,3.472053125,7.265925079,7.159835504,5.166063864,3.67986152,3.28433767
Other small states,OSS,"Stocks traded, total value (% of GDP)",CM.MKT.TRAD.GD.ZS,,,,,,,,,,,,,,,,,,,,,,,,,,,,,,,,,,,,,,,5.922063267,,,,,,,,,,,,,,7.279358962,7.450685776,18.68129369,,,
Pakistan,PAK,"Stocks traded, total value (% of GDP)",CM.MKT.TRAD.GD.ZS,,,,,,,,,,,,,,,,,,,,,,,,,,,,,,,,,,,,,8.7817107,16.91869554,14.45479545,33.06800856,41.91859966,17.22147001,35.08190494,81.34827534,143.1883839,127.3366692,90.94197636,65.51254436,24.85915651,10.46269975,6.568849908,4.51239137,5.337287969,0.243449307,0.220861858,10.01926303,9.881909816,
Panama,PAN,"Stocks traded, total value (% of GDP)",CM.MKT.TRAD.GD.ZS,,,,,,,,,,,,,,,,,,,,,,,,,,,,,,,,,,0.702526616,0.7494696,0.089410555,0.235246584,0.512208809,0.917456047,0.475670242,1.479017386,0.358342281,0.453275304,0.388491843,1.20226078,0.955149857,1.396784594,1.702198859,1.155991763,0.119115072,0.230976004,0.934088407,1.771963162,0.417763213,0.497381243,,,
Peru,PER,"Stocks traded, total value (% of GDP)",CM.MKT.TRAD.GD.ZS,,,,,,,,,,,,,,,,,,,,,,,,,,,,,,,,,,4.401544907,6.887826981,7.286806283,6.432479116,6.634280933,4.733892815,4.891693313,4.23356966,1.414890935,1.75221407,1.650234975,1.583391536,2.256016733,4.661734147,7.889568946,3.05358912,2.44883038,2.706872347,3.013575718,2.740133624,1.576949048,1.605171758,0.764006009,1.406422888,2.680043502
Philippines,PHL,"Stocks traded, total value (% of GDP)",CM.MKT.TRAD.GD.ZS,,,,,,,,,,,,,,,,,,,,,4.751846695,1.057609803,0.888525965,4.263496018,1.197128437,0.985868071,5.77199822,14.25777049,6.522294509,14.29706097,6.89210146,7.638014681,11.78450497,12.12678381,21.74380493,19.7879149,30.79175925,24.71331925,14.54970545,23.34920894,9.101069618,3.951715319,2.633496872,2.913719763,3.538958114,5.193419844,7.49410549,16.22570521,7.100468053,8.506516125,11.14747411,12.20944655,14.26835594,16.40287148,14.8332768,13.12207607,11.75883755,10.77965982
Palau,PLW,"Stocks traded, total value (% of GDP)",CM.MKT.TRAD.GD.ZS,,,,,,,,,,,,,,,,,,,,,,,,,,,,,,,,,,,,,,,,,,,,,,,,,,,,,,,,,,
Papua New Guinea,PNG,"Stocks traded, total value (% of GDP)",CM.MKT.TRAD.GD.ZS,,,,,,,,,,,,,,,,,,,,,,,,,,,,,,,,,,,,,,,,,,0.018824909,0.043373736,0.066734309,0.101600194,0.35122022,0.299289334,0.562803547,0.557465429,0.242436407,0.187709731,0.403451433,,,,,,
Poland,POL,"Stocks traded, total value (% of GDP)",CM.MKT.TRAD.GD.ZS,,,,,,,,,,,,,,,,,,,,,,,,,,,,,,,,0.097074961,0.442032051,2.05641807,4.699043891,1.948193485,3.466112392,4.666153015,5.088031383,6.33134399,11.90299255,5.341587507,1.632031206,3.569445615,6.979714919,8.572098031,15.441305,21.01526452,9.682917032,12.87603556,14.48702295,13.81613524,12.03700369,13.85119724,10.60102609,11.02485612,9.681701783,12.96485315
Pre-demographic dividend,PRE,"Stocks traded, total value (% of GDP)",CM.MKT.TRAD.GD.ZS,,,,,,,,,,,,,,,,,,,,,,,,,,,,,,,,,,,,,,,,,,,,,,,,,,,,,,,,,,
Puerto Rico,PRI,"Stocks traded, total value (% of GDP)",CM.MKT.TRAD.GD.ZS,,,,,,,,,,,,,,,,,,,,,,,,,,,,,,,,,,,,,,,,,,,,,,,,,,,,,,,,,,
"Korea, Dem. People?s Rep.",PRK,"Stocks traded, total value (% of GDP)",CM.MKT.TRAD.GD.ZS,,,,,,,,,,,,,,,,,,,,,,,,,,,,,,,,,,,,,,,,,,,,,,,,,,,,,,,,,,
Portugal,PRT,"Stocks traded, total value (% of GDP)",CM.MKT.TRAD.GD.ZS,,,,,,,,,,,,,,,,,,,,,,,,,,,,,,,,,,2.522334888,4.993557911,3.565707627,5.772576697,16.99045349,40.50889385,29.93967495,46.96279077,22.44920172,16.80712874,14.48884103,19.61911982,18.1070516,31.66230332,57.21037589,28.97179424,18.36736444,22.51387526,14.55544425,12.21813215,17.23904448,20.38265743,,,
Paraguay,PRY,"Stocks traded, total value (% of GDP)",CM.MKT.TRAD.GD.ZS,,,,,,,,,,,,,,,,,,,,,,,,,,,,,,,,,,,,0.211870689,0.303829279,0.194777328,0.169869637,0.142507348,,0.178790604,0.148613035,,,,,,,,,,,,,,,
West Bank and Gaza,PSE,"Stocks traded, total value (% of GDP)",CM.MKT.TRAD.GD.ZS,,,,,,,,,,,,,,,,,,,,,,,,,,,,,,,,,,,,,,,,2.49625398,3.109699555,1.32077828,0.899094437,1.042086694,3.285364502,19.51239704,9.409177003,11.54491627,12.83494418,5.695082689,4.195397785,2.890190533,2.153660656,1.926498878,2.783274089,2.528051764,3.321688999,3.23532049
Pacific island small states,PSS,"Stocks traded, total value (% of GDP)",CM.MKT.TRAD.GD.ZS,,,,,,,,,,,,,,,,,,,,,,,,,,,,,,,,,,,,,,,,,,,,,,,,,,,,,,,,,,
Post-demographic dividend,PST,"Stocks traded, total value (% of GDP)",CM.MKT.TRAD.GD.ZS,,,,,,,,,,,,,,,,,,,,,,,,,18.88241021,25.37622139,34.143059,48.82926609,38.78818715,41.53063955,30.17006678,24.04825392,22.50322614,31.55298917,33.59158984,36.63707843,44.44642931,62.69303555,81.44076296,113.4755535,166.8547829,123.5737471,95.59792602,86.98056961,95.79051887,118.1081789,142.1203602,190.8971306,178.6820234,136.2981771,136.8344443,138.9288946,110.3250872,116.2386044,128.6239423,165.6027715,156.6188977,150.8716564
French Polynesia,PYF,"Stocks traded, total value (% of GDP)",CM.MKT.TRAD.GD.ZS,,,,,,,,,,,,,,,,,,,,,,,,,,,,,,,,,,,,,,,,,,,,,,,,,,,,,,,,,,
Qatar,QAT,"Stocks traded, total value (% of GDP)",CM.MKT.TRAD.GD.ZS,,,,,,,,,,,,,,,,,,,,,,,,,,,,,,,,,,,,,,,,,,,,,,,34.08897753,37.5603259,41.8031292,25.8891889,14.70681011,13.65433616,10.38892826,10.3481322,26.53886915,14.66954712,12.43418006,10.93652145
Romania,ROU,"Stocks traded, total value (% of GDP)",CM.MKT.TRAD.GD.ZS,,,,,,,,,,,,,,,,,,,,,,,,,,,,,,,,,,,,,,0.664646718,0.360348748,0.279108943,0.150967475,0.256650584,0.309694359,0.368612168,1.086642179,1.425882343,1.298972359,1.584182515,0.573506998,0.955687599,1.006616364,1.589299567,1.168382734,0.564398592,0.810803396,,,
Russian Federation,RUS,"Stocks traded, total value (% of GDP)",CM.MKT.TRAD.GD.ZS,,,,,,,,,,,,,,,,,,,,,,,,,,,,,,,,,,,,,,,,,,9.198125911,13.81221622,18.52522667,20.08296921,19.35632049,58.85758395,98.25468523,69.54372692,41.7447856,33.23802772,27.01378553,15.39710918,10.25236539,7.750283644,8.573268015,10.86443628,9.224244248
Rwanda,RWA,"Stocks traded, total value (% of GDP)",CM.MKT.TRAD.GD.ZS,,,,,,,,,,,,,,,,,,,,,,,,,,,,,,,,,,,,,,,,,,,,,,,,,,,,,,,,,,
South Asia,SAS,"Stocks traded, total value (% of GDP)",CM.MKT.TRAD.GD.ZS,,,,,,,,,,,,,,,,,,,,,,,,,,,,,,,,,,,,,,,,,,,,48.51962861,60.43076908,59.72639238,67.18935953,84.94868824,65.13896086,67.92787051,54.96138323,29.68321654,28.00441524,23.40207887,31.05752597,32.64309562,31.52631429,44.20549421
Saudi Arabia,SAU,"Stocks traded, total value (% of GDP)",CM.MKT.TRAD.GD.ZS,,,,,,,,,,,,,,,,,,,,,,,,,,,,,,,,,,,,,,,,,,12.10562958,18.81697573,73.70294618,182.7846103,335.9726647,372.2599106,163.9436981,100.6790731,78.09637988,38.09317821,43.41761272,69.45594331,48.53729917,75.01709651,66.7830047,47.5055884,31.93506233
Sudan,SDN,"Stocks traded, total value (% of GDP)",CM.MKT.TRAD.GD.ZS,,,,,,,,,,,,,,,,,,,,,,,,,,,,,,,,,,,,,,,,,,,,,,,,,,,,,,,,,,
Senegal,SEN,"Stocks traded, total value (% of GDP)",CM.MKT.TRAD.GD.ZS,,,,,,,,,,,,,,,,,,,,,,,,,,,,,,,,,,,,,,,,,,,,,,,,,,,,,,,,,,
Singapore,SGP,"Stocks traded, total value (% of GDP)",CM.MKT.TRAD.GD.ZS,,,,,,,,,,,,,,,,,,,,11.43670515,30.6531207,44.99563364,15.04460226,31.43466591,19.47008249,7.553493642,14.44158429,34.56095227,18.24205153,46.39431933,58.28054809,39.76673242,36.24846533,137.6351531,120.4709401,72.76392401,62.50254213,74.01591748,68.26649593,124.4814646,99.28957031,79.62439115,68.57405045,97.25275286,97.04310341,91.52847754,125.7699653,211.8490778,131.6307917,131.9235887,129.3437885,99.53597469,89.70449904,91.55241191,64.39203062,65.12065732,60.70831247,67.80087903
Solomon Islands,SLB,"Stocks traded, total value (% of GDP)",CM.MKT.TRAD.GD.ZS,,,,,,,,,,,,,,,,,,,,,,,,,,,,,,,,,,,,,,,,,,,,,,,,,,,,,,,,,,
Sierra Leone,SLE,"Stocks traded, total value (% of GDP)",CM.MKT.TRAD.GD.ZS,,,,,,,,,,,,,,,,,,,,,,,,,,,,,,,,,,,,,,,,,,,,,,,,,,,,,,,,,,
El Salvador,SLV,"Stocks traded, total value (% of GDP)",CM.MKT.TRAD.GD.ZS,,,,,,,,,,,,,,,,,,,,,,,,,,,,,,,,,,,,,,,,,,,,,,,,,,,,,,,,,,
San Marino,SMR,"Stocks traded, total value (% of GDP)",CM.MKT.TRAD.GD.ZS,,,,,,,,,,,,,,,,,,,,,,,,,,,,,,,,,,,,,,,,,,,,,,,,,,,,,,,,,,
Somalia,SOM,"Stocks traded, total value (% of GDP)",CM.MKT.TRAD.GD.ZS,,,,,,,,,,,,,,,,,,,,,,,,,,,,,,,,,,,,,,,,,,,,,,,,,,,,,,,,,,
Serbia,SRB,"Stocks traded, total value (% of GDP)",CM.MKT.TRAD.GD.ZS,,,,,,,,,,,,,,,,,,,,,,,,,,,,,,,,,,,,,,0.200844819,0.068365056,0.145034884,0.336378723,0.73366522,0.732773775,2.650610428,1.76083621,2.057480721,4.686423096,6.758327036,2.123406545,1.287055546,0.586538018,0.64250273,0.590540834,,,,,
Sub-Saharan Africa (excluding high income),SSA,"Stocks traded, total value (% of GDP)",CM.MKT.TRAD.GD.ZS,,,,,,,,,,,,,,,,,,,,,,,,,,,,,,,,,,,7.139559825,7.269156792,,,,32.13416309,,,,,,,,,,,,,,,,,,
South Sudan,SSD,"Stocks traded, total value (% of GDP)",CM.MKT.TRAD.GD.ZS,,,,,,,,,,,,,,,,,,,,,,,,,,,,,,,,,,,,,,,,,,,,,,,,,,,,,,,,,,
Sub-Saharan Africa,SSF,"Stocks traded, total value (% of GDP)",CM.MKT.TRAD.GD.ZS,,,,,,,,,,,,,,,,,,,,,,,,,,,,,,,,,,,7.139559825,7.269156792,,,,32.13416309,,,,,,,,,,,,,,,,,,
Small states,SST,"Stocks traded, total value (% of GDP)",CM.MKT.TRAD.GD.ZS,,,,,,,,,,,,,,,,,,,,,,,,,,,,,,,,,,,,,,,,,,,,,,,,,,,,,,,,,,
Sao Tome and Principe,STP,"Stocks traded, total value (% of GDP)",CM.MKT.TRAD.GD.ZS,,,,,,,,,,,,,,,,,,,,,,,,,,,,,,,,,,,,,,,,,,,,,,,,,,,,,,,,,,
Suriname,SUR,"Stocks traded, total value (% of GDP)",CM.MKT.TRAD.GD.ZS,,,,,,,,,,,,,,,,,,,,,,,,,,,,,,,,,,,,,,,,,,,,,,,,,,,,,,,,,,
Slovak Republic,SVK,"Stocks traded, total value (% of GDP)",CM.MKT.TRAD.GD.ZS,,,,,,,,,,,,,,,,,,,,,,,,,,,,,,,,,,0.016411178,0.870047494,3.243689429,9.370670966,8.563945023,3.392683025,1.571588009,1.834113966,3.10458085,2.510859193,1.597414436,1.311133794,0.105905271,0.140941373,0.036232285,0.02101179,0.196389648,0.345158105,0.461197994,0.178388692,0.111313807,,,,
Slovenia,SVN,"Stocks traded, total value (% of GDP)",CM.MKT.TRAD.GD.ZS,,,,,,,,,,,,,,,,,,,,,,,,,,,,,,,,,,,,1.636342281,2.300276865,2.504874828,3.643092154,3.73896072,3.140564725,4.625926201,3.932000687,1.684454496,2.237467104,1.309737641,2.668427682,6.103292175,2.432674348,2.055655763,1.008130888,0.998424824,0.862752576,0.85746487,1.474483632,0.846318926,0.683919202,0.773636796
Sweden,SWE,"Stocks traded, total value (% of GDP)",CM.MKT.TRAD.GD.ZS,,,,,,,,,,,,,,,,0.133387583,0.143015875,0.401559963,0.411771369,1.695319055,1.282330999,2.869971509,4.091769261,9.511298977,7.867423667,9.598553934,11.40614929,10.85655236,9.144832322,8.392959186,6.068154192,7.59524624,10.14946475,19.34162738,39.13973116,37.61521478,45.28556654,57.78325138,74.87573591,79.31347821,145.9035887,124.992376,70.31022525,59.93091471,81.16216838,,,,,,,,,,,,,
Eswatini,SWZ,"Stocks traded, total value (% of GDP)",CM.MKT.TRAD.GD.ZS,,,,,,,,,,,,,,,,,,,,,,,,,,,,,,,,,,,0.147960944,0.022366329,23.19498719,20.81435417,12.75917638,0.009690646,0.012082153,0.551061591,0.01256783,0.002275196,0.001444,0.000943952,0.001822958,0.102035993,,,,,,,,,,
Sint Maarten (Dutch part),SXM,"Stocks traded, total value (% of GDP)",CM.MKT.TRAD.GD.ZS,,,,,,,,,,,,,,,,,,,,,,,,,,,,,,,,,,,,,,,,,,,,,,,,,,,,,,,,,,
Seychelles,SYC,"Stocks traded, total value (% of GDP)",CM.MKT.TRAD.GD.ZS,,,,,,,,,,,,,,,,,,,,,,,,,,,,,,,,,,,,,,,,,,,,,,,,,,,,,,,11.74983742,,,
Syrian Arab Republic,SYR,"Stocks traded, total value (% of GDP)",CM.MKT.TRAD.GD.ZS,,,,,,,,,,,,,,,,,,,,,,,,,,,,,,,,,,,,,,,,,,,,,,,,,,,,,,,,,,
Turks and Caicos Islands,TCA,"Stocks traded, total value (% of GDP)",CM.MKT.TRAD.GD.ZS,,,,,,,,,,,,,,,,,,,,,,,,,,,,,,,,,,,,,,,,,,,,,,,,,,,,,,,,,,
Chad,TCD,"Stocks traded, total value (% of GDP)",CM.MKT.TRAD.GD.ZS,,,,,,,,,,,,,,,,,,,,,,,,,,,,,,,,,,,,,,,,,,,,,,,,,,,,,,,,,,
East Asia & Pacific (IDA & IBRD countries),TEA,"Stocks traded, total value (% of GDP)",CM.MKT.TRAD.GD.ZS,,,,,,,,,,,,,,,,,,,,,,,,,,,,,,,,,,,,17.78186868,27.30096307,31.36978305,25.8256082,,50.35251551,29.43287802,21.13842281,24.65363524,27.16721088,18.59043912,37.85181815,145.4856814,70.80866658,127.1339827,112.3268241,75.27343769,52.84531994,71.25932098,99.82508757,303.9119726,141.0097668,122.3378207
Europe & Central Asia (IDA & IBRD countries),TEC,"Stocks traded, total value (% of GDP)",CM.MKT.TRAD.GD.ZS,,,,,,,,,,,,,,,,,,,,,,,,,,,,,,,,,,,,,,,,,,13.25831075,13.09824708,16.6071458,19.5715205,20.68088934,39.49328094,60.62657995,41.28182108,32.27051136,29.17229292,24.11872781,17.79631897,15.2518532,14.21327191,17.78305958,16.66693241,18.69164381
Togo,TGO,"Stocks traded, total value (% of GDP)",CM.MKT.TRAD.GD.ZS,,,,,,,,,,,,,,,,,,,,,,,,,,,,,,,,,,,,,,,,,,,,,,,,,,,,,,,,,,
Thailand,THA,"Stocks traded, total value (% of GDP)",CM.MKT.TRAD.GD.ZS,,,,,,,,,,,,,,,,,,,,,2.141966927,0.668654304,1.516816251,1.982877021,2.239363403,3.400967715,5.109434466,21.36520485,21.2690053,17.60767544,18.43910831,19.74964126,64.10375112,67.57875962,55.24452345,34.80287314,3.646086476,11.75589853,19.94319699,29.4524627,15.29453828,25.81186189,30.73725864,68.65591759,67.6344359,47.44386313,43.74561775,42.88050256,36.39796434,44.94743423,65.20897196,58.05292788,60.07963702,83.24623394,76.26069298,67.59269566,78.93009392,74.58548461
Tajikistan,TJK,"Stocks traded, total value (% of GDP)",CM.MKT.TRAD.GD.ZS,,,,,,,,,,,,,,,,,,,,,,,,,,,,,,,,,,,,,,,,,,,,,,,,,,,,,,,,,,
Turkmenistan,TKM,"Stocks traded, total value (% of GDP)",CM.MKT.TRAD.GD.ZS,,,,,,,,,,,,,,,,,,,,,,,,,,,,,,,,,,,,,,,,,,,,,,,,,,,,,,,,,,
Latin America & the Caribbean (IDA & IBRD countries),TLA,"Stocks traded, total value (% of GDP)",CM.MKT.TRAD.GD.ZS,,,,,,,,,,,,,,,,,,,,2.058888865,1.902400947,1.732153426,1.207833428,0.929543077,1.851188512,3.698514923,6.039558907,3.602434006,2.789328809,2.526457996,2.859933716,4.22319177,7.875589547,11.06385039,16.01433361,9.180146249,10.39747478,15.60645724,11.3071373,11.55912161,7.817514554,6.593892295,4.053014794,6.327413296,9.256028656,11.17382189,14.93593411,25.67226806,18.81960744,24.30128039,25.09067071,19.51004278,20.18565027,18.42477996,15.83879642,13.02515477,17.29517757,17.56215219
Timor-Leste,TLS,"Stocks traded, total value (% of GDP)",CM.MKT.TRAD.GD.ZS,,,,,,,,,,,,,,,,,,,,,,,,,,,,,,,,,,,,,,,,,,,,,,,,,,,,,,,,,,
Middle East & North Africa (IDA & IBRD countries),TMN,"Stocks traded, total value (% of GDP)",CM.MKT.TRAD.GD.ZS,,,,,,,,,,,,,,,,,,,,,,,,,,,,,,,,,,,,,,,,,,,,,,,,,,,7.996187945,3.848875886,3.651856317,,,,3.754568804,
Tonga,TON,"Stocks traded, total value (% of GDP)",CM.MKT.TRAD.GD.ZS,,,,,,,,,,,,,,,,,,,,,,,,,,,,,,,,,,,,,,,,,,,,,,,,,,,,,,,,,,
South Asia (IDA & IBRD),TSA,"Stocks traded, total value (% of GDP)",CM.MKT.TRAD.GD.ZS,,,,,,,,,,,,,,,,,,,,,,,,,,,,,,,,,,,,,,,,,,,,48.51962861,60.43076908,59.72639238,67.18935953,84.94868824,65.13896086,67.92787051,54.96138323,29.68321654,28.00441524,23.40207887,31.05752597,32.64309562,31.52631429,44.20549421
Sub-Saharan Africa (IDA & IBRD countries),TSS,"Stocks traded, total value (% of GDP)",CM.MKT.TRAD.GD.ZS,,,,,,,,,,,,,,,,,,,,,,,,,,,,,,,,,,,7.139559825,7.269156792,,,,32.13416309,,,,,,,,,,,,,,,,,,
Trinidad and Tobago,TTO,"Stocks traded, total value (% of GDP)",CM.MKT.TRAD.GD.ZS,,,,,,,,,,,,,,,,,,,,,,,,,,,,,,,,,,,,,,,,,1.70584045,1.882180006,,,,,,,,,,,,,,,,
Tunisia,TUN,"Stocks traded, total value (% of GDP)",CM.MKT.TRAD.GD.ZS,,,,,,,,,,,,,,,,,,,,,,,,,,,,,,,,,,,1.762997888,3.713740684,1.027705533,0.948455517,0.742408092,,,,,,,,,,,,4.166994965,2.293463504,2.777943483,0.998679777,1.864338953,,,
Turkey,TUR,"Stocks traded, total value (% of GDP)",CM.MKT.TRAD.GD.ZS,,,,,,,,,,,,,,,,,,,,,,,,,,,,,,,,5.517242912,5.267162566,8.880015214,16.57890538,30.02532227,19.96566421,23.01331722,20.73125082,26.57028583,60.79874368,32.79858099,28.50808378,31.46907024,36.20713958,39.83260802,40.99104698,48.06392941,28.94481997,48.51077148,52.24087136,43.37125035,41.06793148,39.37081582,39.5794535,40.67061896,32.6271508,44.3311544
Tuvalu,TUV,"Stocks traded, total value (% of GDP)",CM.MKT.TRAD.GD.ZS,,,,,,,,,,,,,,,,,,,,,,,,,,,,,,,,,,,,,,,,,,,,,,,,,,,,,,,,,,
Tanzania,TZA,"Stocks traded, total value (% of GDP)",CM.MKT.TRAD.GD.ZS,,,,,,,,,,,,,,,,,,,,,,,,,,,,,,,,,,,,,,,,0.000412463,0.047124491,0.068666234,,,,,,,,,,,,,,,,
Uganda,UGA,"Stocks traded, total value (% of GDP)",CM.MKT.TRAD.GD.ZS,,,,,,,,,,,,,,,,,,,,,,,,,,,,,,,,,,,,,,,,,,,,,,,,,,,,,,,,,,
Ukraine,UKR,"Stocks traded, total value (% of GDP)",CM.MKT.TRAD.GD.ZS,,,,,,,,,,,,,,,,,,,,,,,,,,,,,,,,,,,,,,,,,,,,,,,,,,,2.087077519,0.721808268,0.355498406,0.179804559,0.091533242,,,
Upper middle income,UMC,"Stocks traded, total value (% of GDP)",CM.MKT.TRAD.GD.ZS,,,,,,,,,,,,,,,,,,,,,,,,,,,,,,,,,,,,13.46212286,18.01220586,23.03011376,18.4912718,,32.7056868,18.99507764,15.06432044,18.78027439,21.89545104,18.94968668,34.48891112,94.13864932,53.49182885,85.67822168,77.07160451,53.56282964,40.21851241,51.55111996,70.38972526,222.2498334,110.1279726,95.80351071
Uruguay,URY,"Stocks traded, total value (% of GDP)",CM.MKT.TRAD.GD.ZS,,,,,,,,,,,,,,,,,,,,,,,,,,,,,,,,,,,0.053219957,0.002901906,0.002680894,,0.001024189,0.000542029,,,,,,,,,,,,,,,,,,
United States,USA,"Stocks traded, total value (% of GDP)",CM.MKT.TRAD.GD.ZS,,,,,,,,,,,,,,,,,,,,,,,,,27.43145545,33.7904965,47.53041019,59.07261011,37.41177037,41.38738175,33.98388083,34.65868637,38.69603149,49.92808689,49.92292244,67.57033217,85.99164391,107.6323396,135.3835335,194.7671776,289.5739977,196.6101076,155.3435623,139.3931318,155.627176,196.9813001,220.7132231,295.9915435,320.9921703,237.9291333,240.7409957,264.5040788,200.2411298,199.1865297,223.648847,228.4595517,225.892703,205.1812382
Uzbekistan,UZB,"Stocks traded, total value (% of GDP)",CM.MKT.TRAD.GD.ZS,,,,,,,,,,,,,,,,,,,,,,,,,,,,,,,,,,,,,,,,,,,,,,,,,,,,,,,,,,
St. Vincent and the Grenadines,VCT,"Stocks traded, total value (% of GDP)",CM.MKT.TRAD.GD.ZS,,,,,,,,,,,,,,,,,,,,,,,,,,,,,,,,,,,,,,,,,,,,,,,,,,,,,,,,,,
"Venezuela, RB",VEN,"Stocks traded, total value (% of GDP)",CM.MKT.TRAD.GD.ZS,,,,,,,,,,,,,,,,,,,,,,,,,,,,,,,,,,2.741715446,1.67660084,0.43981478,1.854701277,4.223346601,1.701094414,0.963706887,1.863058324,0.933249017,0.09559325,,,,,,,,,,,,,,,
British Virgin Islands,VGB,"Stocks traded, total value (% of GDP)",CM.MKT.TRAD.GD.ZS,,,,,,,,,,,,,,,,,,,,,,,,,,,,,,,,,,,,,,,,,,,,,,,,,,,,,,,,,,
Virgin Islands (U.S.),VIR,"Stocks traded, total value (% of GDP)",CM.MKT.TRAD.GD.ZS,,,,,,,,,,,,,,,,,,,,,,,,,,,,,,,,,,,,,,,,,,,,,,,,,,,,,,,,,,
Vietnam,VNM,"Stocks traded, total value (% of GDP)",CM.MKT.TRAD.GD.ZS,,,,,,,,,,,,,,,,,,,,,,,,,,,,,,,,,,,,,,,,,,,,,,,,,7.119346666,21.38421238,16.51302603,5.527343244,,6.079755214,11.70856349,9.65844179,10.84959376,17.00125849
Vanuatu,VUT,"Stocks traded, total value (% of GDP)",CM.MKT.TRAD.GD.ZS,,,,,,,,,,,,,,,,,,,,,,,,,,,,,,,,,,,,,,,,,,,,,,,,,,,,,,,,,,
World,WLD,"Stocks traded, total value (% of GDP)",CM.MKT.TRAD.GD.ZS,,,,,,,,,,,,,,,,,,,,,,,,,17.66543911,23.75686346,32.41619418,46.81267171,38.08306222,44.4523323,31.93170178,24.06999986,22.4778732,30.68659016,34.04380703,34.15424129,41.18313798,58.90271524,73.1199008,103.5370862,145.6526269,104.9229528,82.75842195,75.98250874,83.94332146,99.93961211,118.7220067,162.2505279,140.6308583,117.5489066,112.5127759,104.8330503,82.35776618,87.67283409,101.2431682,163.4539052,124.5195249,117.7202061
Samoa,WSM,"Stocks traded, total value (% of GDP)",CM.MKT.TRAD.GD.ZS,,,,,,,,,,,,,,,,,,,,,,,,,,,,,,,,,,,,,,,,,,,,,,,,,,,,,,,,,,
Kosovo,XKX,"Stocks traded, total value (% of GDP)",CM.MKT.TRAD.GD.ZS,,,,,,,,,,,,,,,,,,,,,,,,,,,,,,,,,,,,,,,,,,,,,,,,,,,,,,,,,,
"Yemen, Rep.",YEM,"Stocks traded, total value (% of GDP)",CM.MKT.TRAD.GD.ZS,,,,,,,,,,,,,,,,,,,,,,,,,,,,,,,,,,,,,,,,,,,,,,,,,,,,,,,,,,
South Africa,ZAF,"Stocks traded, total value (% of GDP)",CM.MKT.TRAD.GD.ZS,,,,,,,,,,,,,,,,2.345536791,2.030004688,2.05905457,2.340728785,3.64683368,6.252283716,2.903798517,3.136550387,3.846853867,2.08507082,3.51046721,6.314457542,9.215856619,3.723023549,5.740121371,7.135937671,6.518062184,5.38305217,5.892766132,9.557435298,10.25850428,18.05234345,27.57067975,39.39979805,53.29560996,51.70203214,29.08065956,41.19839188,27.99245293,36.59008055,43.19968148,63.91928702,86.18582885,70.58079275,73.18354505,73.86761738,54.17194047,57.24081018,63.3129313,70.01807252,73.64122702,136.0680827,117.2566277
Zambia,ZMB,"Stocks traded, total value (% of GDP)",CM.MKT.TRAD.GD.ZS,,,,,,,,,,,,,,,,,,,,,,,,,,,,,,,,,,,0.010938981,0.005778727,0.073945972,0.185904622,0.037029886,0.167140968,0.027772508,0.122115599,0.119222317,0.133011285,0.035202904,0.133223391,0.0943806,,,,0.098837652,0.087382413,0.071363116,,,,,
Zimbabwe,ZWE,"Stocks traded, total value (% of GDP)",CM.MKT.TRAD.GD.ZS,,,,,,,,,,,,,,,,,,,,,,,,,,,,,,,,,,0.764799328,2.509188142,1.960830995,2.737355162,3.667827819,1.253676955,2.933211078,,,,,,,,,,,,,,,,,,
